--==============================================================
--******			C I V I L I Z A T I O N S			  ******
--==============================================================

--==================
-- America
--==================
-- Reduce combat strength of mustangs due to them already having many extra combat bonuses over biplanes
UPDATE Units SET Combat=90 , RangedCombat=90 WHERE UnitType='UNIT_AMERICAN_P51';
-- rough rider is a cav replacement, so should cost horses
UPDATE Units SET StrategicResource='RESOURCE_HORSES' WHERE UnitType='UNIT_AMERICAN_ROUGH_RIDER';

--==========
-- EGYPT
--==========
-- what does this code do ?? 
INSERT INTO Requirements (RequirementId, RequirementType)
	VALUES ('REQUIRES_PLOT_HAS_FLOODPLAINS_GRASSLAND', 'REQUIREMENT_PLOT_FEATURE_TYPE_MATCHES');
INSERT INTO Requirements (RequirementId, RequirementType)
	VALUES ('REQUIRES_PLOT_HAS_FLOODPLAINS_PLAINS', 'REQUIREMENT_PLOT_FEATURE_TYPE_MATCHES');
INSERT INTO RequirementArguments (RequirementId, Name, Value)
	VALUES ('REQUIRES_PLOT_HAS_FLOODPLAINS_GRASSLAND', 'FeatureType', 'FEATURE_FLOODPLAINS_GRASSLAND');
INSERT INTO RequirementArguments (RequirementId, Name, Value)
	VALUES ('REQUIRES_PLOT_HAS_FLOODPLAINS_PLAINS', 'FeatureType', 'FEATURE_FLOODPLAINS_PLAINS');
INSERT INTO RequirementSetRequirements (RequirementSetId, RequirementId)
	VALUES ('REQUIRES_PLOT_HAS_FLOODPLAINS_CPL', 'REQUIRES_PLOT_HAS_FLOODPLAINS_GRASSLAND');
INSERT INTO RequirementSetRequirements (RequirementSetId, RequirementId)
	VALUES ('REQUIRES_PLOT_HAS_FLOODPLAINS_CPL', 'REQUIRES_PLOT_HAS_FLOODPLAINS_PLAINS');

--==============================================================
--******				G O V E R N M E N T				  ******
--==============================================================
UPDATE Governments SET OtherGovernmentIntolerance=0 WHERE GovernmentType='GOVERNMENT_DEMOCRACY';
--UPDATE Governments SET OtherGovernmentIntolerance=0 WHERE GovernmentType='GOVERNMENT_DIGITAL_DEMOCRACY';
UPDATE Governments SET OtherGovernmentIntolerance=-40 WHERE GovernmentType='GOVERNMENT_FASCISM';
UPDATE Governments SET OtherGovernmentIntolerance=-40 WHERE GovernmentType='GOVERNMENT_COMMUNISM';
--UPDATE Governments SET OtherGovernmentIntolerance=-40 WHERE GovernmentType='GOVERNMENT_CORPORATE_LIBERTARIANISM';
--UPDATE Governments SET OtherGovernmentIntolerance=-40 WHERE GovernmentType='GOVERNMENT_SYNTHETIC_TECHNOCRACY';


--SELECT * FROM Modifiers WHERE ModifierId LIKE'%COLLECTIVIZATION%';
--SELECT * FROM ModifierArguments WHERE ModifierId LIKE'%COLLECTIVIZATION%';
--COLLECTIVIZATION_INTERNAL_TRADE_FOOD	YieldType	ARGTYPE_IDENTITY	YIELD_FOOD		
--COLLECTIVIZATION_INTERNAL_TRADE_FOOD	Amount		ARGTYPE_IDENTITY	4		

INSERT INTO Modifiers (ModifierId , ModifierType) VALUES
		('COLLECTIVIZATION_INTERNAL_TRADE_PRODUCTION' , 'MODIFIER_PLAYER_ADJUST_TRADE_ROUTE_YIELD_FOR_DOMESTIC');
INSERT INTO ModifierArguments (ModifierId , Name , Value) VALUES
	('COLLECTIVIZATION_INTERNAL_TRADE_PRODUCTION', 'YieldType', 'YIELD_PRODUCTION'),
	('COLLECTIVIZATION_INTERNAL_TRADE_PRODUCTION', 'Amount', '4');
INSERT INTO PolicyModifiers (PolicyType, ModifierId) VALUES
	('POLICY_COLLECTIVIZATION', 'COLLECTIVIZATION_INTERNAL_TRADE_PRODUCTION');

--==============================================================
--******				START BIASES					  ******
--==============================================================
UPDATE StartBiasFeatures SET Tier=4 WHERE CivilizationType='CIVILIZATION_EGYPT' AND FeatureType='FEATURE_FLOODPLAINS_PLAINS';
UPDATE StartBiasFeatures SET Tier=4 WHERE CivilizationType='CIVILIZATION_EGYPT' AND FeatureType='FEATURE_FLOODPLAINS_GRASSLAND';

--==============================================================
--******			  U N I T S  (NON-UNIQUE)			  ******
--==============================================================

UPDATE Units SET StrategicResource='RESOURCE_OIL' WHERE UnitType='UNIT_HELICOPTER';

UPDATE Units SET Cost=200 WHERE UnitType='UNIT_KNIGHT';

UPDATE Units SET StrategicResource='RESOURCE_NITER' WHERE UnitType='UNIT_INFANTRY';

UPDATE Units SET PrereqTech='TECH_STEEL' WHERE UnitType='UNIT_ANTIAIR_GUN';

--	Siege units get +10 ranged defense
INSERT INTO Modifiers (ModifierId, ModifierType, SubjectRequirementSetId)
	VALUES ('SIEGE_DEFENSE_BONUS_VS_RANGED_COMBAT', 'MODIFIER_UNIT_ADJUST_COMBAT_STRENGTH', 'SIEGE_DEFENSE_REQUIREMENTS');
INSERT INTO ModifierArguments (ModifierId, Name, Value)
	VALUES ('SIEGE_DEFENSE_BONUS_VS_RANGED_COMBAT', 'Amount', '10');
INSERT INTO ModifierStrings (ModifierId, Context, Text)
	VALUES ('SIEGE_DEFENSE_BONUS_VS_RANGED_COMBAT', 'Preview', '{LOC_SIEGE_RANGED_DEFENSE_DESCRIPTION}');
INSERT INTO RequirementSets (RequirementSetId, RequirementSetType)
	VALUES ('SIEGE_DEFENSE_REQUIREMENTS', 'REQUIREMENTSET_TEST_ALL');
INSERT INTO RequirementSetRequirements (RequirementSetId, RequirementId)
	VALUES ('SIEGE_DEFENSE_REQUIREMENTS', 'RANGED_COMBAT_REQUIREMENTS');
INSERT INTO RequirementSetRequirements (RequirementSetId, RequirementId)
	VALUES ('SIEGE_DEFENSE_REQUIREMENTS', 'PLAYER_IS_DEFENDER_REQUIREMENTS');
INSERT INTO Types (Type, Kind)
	VALUES ('ABILITY_SIEGE_RANGED_DEFENSE', 'KIND_ABILITY');
INSERT INTO TypeTags (Type , Tag)
	VALUES ('ABILITY_SIEGE_RANGED_DEFENSE', 'CLASS_SIEGE');
INSERT INTO UnitAbilities (UnitAbilityType , Name , Description)
	VALUES ('ABILITY_SIEGE_RANGED_DEFENSE', 'LOC_PROMOTION_TORTOISE_NAME', 'LOC_PROMOTION_TORTOISE_DESCRIPTION');
INSERT INTO UnitAbilityModifiers (UnitAbilityType, ModifierId)
	VALUES ('ABILITY_SIEGE_RANGED_DEFENSE', 'SIEGE_DEFENSE_BONUS_VS_RANGED_COMBAT');

-- -10 combat strength to all airplanes (P-51 change in America section)
UPDATE Units SET Combat=70,  RangedCombat=65  WHERE UnitType='UNIT_BIPLANE';
UPDATE Units SET Combat=90,  RangedCombat=90  WHERE UnitType='UNIT_FIGHTER';
UPDATE Units SET Combat=100, RangedCombat=100 WHERE UnitType='UNIT_JET_FIGHTER';
UPDATE Units SET Combat=75,  Bombard=100 	  WHERE UnitType='UNIT_BOMBER';
UPDATE Units SET Combat=80,  Bombard=110      WHERE UnitType='UNIT_JET_BOMBER';

--==============================================================
--******				G O V E R N O R S				  ******
--==============================================================

--============================================
--******			Moshka				******
--============================================
-- SELECT GovernorPromotionSets.*, GovernorPromotionPrereqs.PrereqGovernorPromotion
-- FROM GovernorPromotionSets
-- LEFT JOIN GovernorPromotionPrereqs ON GovernorPromotionSets.GovernorPromotion=GovernorPromotionPrereqs.GovernorPromotionType 
-- WHERE GovernorType LIKE '%Cardi%'
-- ORDER BY GovernorType,GovernorPromotion;

-- delete moksha's scrapped abilities
DELETE FROM GovernorPromotions WHERE GovernorPromotionType='GOVERNOR_PROMOTION_CARDINAL_GRAND_INQUISITOR' OR GovernorPromotionType='GOVERNOR_PROMOTION_CARDINAL_LAYING_ON_OF_HANDS';
DELETE FROM GovernorPromotionSets WHERE GovernorPromotion='GOVERNOR_PROMOTION_CARDINAL_GRAND_INQUISITOR' OR GovernorPromotion='GOVERNOR_PROMOTION_CARDINAL_LAYING_ON_OF_HANDS';
DELETE FROM GovernorPromotionPrereqs WHERE GovernorPromotionType='GOVERNOR_PROMOTION_CARDINAL_GRAND_INQUISITOR' OR GovernorPromotionType='GOVERNOR_PROMOTION_CARDINAL_LAYING_ON_OF_HANDS';
DELETE FROM GovernorPromotionPrereqs WHERE PrereqGovernorPromotion='GOVERNOR_PROMOTION_CARDINAL_GRAND_INQUISITOR' OR PrereqGovernorPromotion='GOVERNOR_PROMOTION_CARDINAL_LAYING_ON_OF_HANDS';
DELETE FROM GovernorPromotionModifiers WHERE GovernorPromotionType='GOVERNOR_PROMOTION_CARDINAL_GRAND_INQUISITOR' OR GovernorPromotionType='GOVERNOR_PROMOTION_CARDINAL_LAYING_ON_OF_HANDS';

-- delete Citadel of god
DELETE FROM GovernorPromotions WHERE GovernorPromotionType='GOVERNOR_PROMOTION_CARDINAL_CITADEL_OF_GOD';
DELETE FROM GovernorPromotionSets WHERE GovernorPromotion='GOVERNOR_PROMOTION_CARDINAL_CITADEL_OF_GOD';
DELETE FROM GovernorPromotionPrereqs WHERE GovernorPromotionType='GOVERNOR_PROMOTION_CARDINAL_CITADEL_OF_GOD';
DELETE FROM GovernorPromotionPrereqs WHERE PrereqGovernorPromotion='GOVERNOR_PROMOTION_CARDINAL_CITADEL_OF_GOD';
DELETE FROM GovernorPromotionModifiers WHERE GovernorPromotionType='GOVERNOR_PROMOTION_CARDINAL_CITADEL_OF_GOD';

-- make the passive more useful + 50% Faith
UPDATE Modifiers SET ModifierType='MODIFIER_SINGLE_CITY_ADJUST_CITY_YIELD_MODIFIER' WHERE ModifierId='CARDINAL_BISHOP_PRESSURE';
DELETE FROM ModifierArguments WHERE ModifierId='CARDINAL_BISHOP_PRESSURE';
INSERT INTO ModifierArguments (ModifierId , Name , Value) VALUES 
	('CARDINAL_BISHOP_PRESSURE', 'YieldType', 'YIELD_FAITH'),
	('CARDINAL_BISHOP_PRESSURE', 'Amount', '50');

-- move Pingala's 100% GPP to first on left ability of Moshka -- ok
UPDATE GovernorPromotionSets SET GovernorType='GOVERNOR_THE_CARDINAL' WHERE GovernorPromotion='GOVERNOR_PROMOTION_EDUCATOR_GRANTS';
UPDATE GovernorPromotions SET Level=1, Column=0 WHERE GovernorPromotionType='GOVERNOR_PROMOTION_EDUCATOR_GRANTS';
DELETE FROM GovernorPromotionPrereqs WHERE GovernorPromotionType='GOVERNOR_PROMOTION_EDUCATOR_GRANTS' OR PrereqGovernorPromotion='GOVERNOR_PROMOTION_EDUCATOR_GRANTS';
INSERT INTO GovernorPromotionPrereqs (GovernorPromotionType, PrereqGovernorPromotion) VALUES
		('GOVERNOR_PROMOTION_EDUCATOR_GRANTS', 'GOVERNOR_PROMOTION_CARDINAL_BISHOP');
		
-- 15% culture moved to 100% GPP -- ok
UPDATE GovernorPromotionModifiers SET GovernorPromotionType='GOVERNOR_PROMOTION_EDUCATOR_GRANTS' WHERE GovernorPromotionType='GOVERNOR_PROMOTION_EDUCATOR_LIBRARIAN' AND ModifierId='LIBRARIAN_CULTURE_YIELD_BONUS';
-- Make it 25%
UPDATE ModifierArguments SET Value='25' 
WHERE ModifierId IN ('LIBRARIAN_CULTURE_YIELD_BONUS') AND Name='Amount';

-- move Moksha's abilities -- ok
UPDATE GovernorPromotions SET Level=1, Column=2 WHERE GovernorPromotionType='GOVERNOR_PROMOTION_CARDINAL_DIVINE_ARCHITECT';
UPDATE GovernorPromotions SET Level=2, Column=2 WHERE GovernorPromotionType='GOVERNOR_PROMOTION_CARDINAL_PATRON_SAINT';
DELETE FROM GovernorPromotionPrereqs WHERE GovernorPromotionType='GOVERNOR_PROMOTION_CARDINAL_DIVINE_ARCHITECT' OR PrereqGovernorPromotion='GOVERNOR_PROMOTION_CARDINAL_DIVINE_ARCHITECT';
INSERT INTO GovernorPromotionPrereqs (GovernorPromotionType, PrereqGovernorPromotion) VALUES
	('GOVERNOR_PROMOTION_CARDINAL_DIVINE_ARCHITECT', 'GOVERNOR_PROMOTION_CARDINAL_BISHOP'),
	('GOVERNOR_PROMOTION_CARDINAL_PATRON_SAINT', 'GOVERNOR_PROMOTION_CARDINAL_DIVINE_ARCHITECT');

-- Move +1 Culture to Moksha (Moved Theater +20%) -- ok
UPDATE GovernorPromotionSets SET GovernorType='GOVERNOR_THE_CARDINAL' WHERE GovernorPromotion='GOVERNOR_PROMOTION_EDUCATOR_CONNOISSEUR';
UPDATE GovernorPromotions SET Level=2, Column=0 WHERE GovernorPromotionType='GOVERNOR_PROMOTION_EDUCATOR_CONNOISSEUR';
DELETE FROM GovernorPromotionPrereqs WHERE GovernorPromotionType='GOVERNOR_PROMOTION_EDUCATOR_CONNOISSEUR' OR PrereqGovernorPromotion='GOVERNOR_PROMOTION_EDUCATOR_CONNOISSEUR';
INSERT INTO GovernorPromotionPrereqs (GovernorPromotionType, PrereqGovernorPromotion) VALUES
	('GOVERNOR_PROMOTION_EDUCATOR_CONNOISSEUR', 'GOVERNOR_PROMOTION_EDUCATOR_GRANTS');

-- Curator moved to last moksha ability --ok
UPDATE GovernorPromotionSets SET GovernorType='GOVERNOR_THE_CARDINAL' WHERE GovernorPromotion='GOVERNOR_PROMOTION_MERCHANT_CURATOR';
UPDATE GovernorPromotions SET Column=1 WHERE GovernorPromotionType='GOVERNOR_PROMOTION_MERCHANT_CURATOR';
DELETE FROM GovernorPromotionPrereqs WHERE GovernorPromotionType='GOVERNOR_PROMOTION_MERCHANT_CURATOR';
INSERT INTO GovernorPromotionPrereqs (GovernorPromotionType, PrereqGovernorPromotion)
	VALUES
		('GOVERNOR_PROMOTION_MERCHANT_CURATOR', 'GOVERNOR_PROMOTION_EDUCATOR_CONNOISSEUR'),
		('GOVERNOR_PROMOTION_MERCHANT_CURATOR', 'GOVERNOR_PROMOTION_CARDINAL_PATRON_SAINT');

-- Buff to 100%
-- SELECT * FROM GovernorPromotionModifiers WHERE GovernorPromotionType LIKE '%DIVINE_ARCHITECT%';
-- CARDINAL_FASTER_HOLY_SITE_BUILDING_CONSTRUCTION
-- SELECT * FROM GovernorPromotionModifiers WHERE GovernorPromotionType LIKE '%CONNOISSEUR%';
-- CONNOISSEUR_FASTER_THEATER_DISTRICT_BUILDING_CONSTRUCTION
UPDATE ModifierArguments SET Value='100' 
WHERE ModifierId IN ('CARDINAL_FASTER_HOLY_SITE_BUILDING_CONSTRUCTION','CONNOISSEUR_FASTER_THEATER_DISTRICT_BUILDING_CONSTRUCTION') AND Name='Amount';

--============================================
--******			Pingala				******
--============================================

-- create Pingala's science from trade routes ability and apply to middle right ability -- ok
INSERT INTO Modifiers (ModifierId, ModifierType)
	VALUES
		('EDUCATOR_SCIENCE_FROM_DOMESTIC_TRADE_BBG', 'MODIFIER_SINGLE_CITY_ADJUST_TRADE_ROUTE_YIELD_TO_OTHERS');
INSERT INTO ModifierArguments (ModifierId, Name, Value)
	VALUES
		('EDUCATOR_SCIENCE_FROM_DOMESTIC_TRADE_BBG', 'Domestic', '1'),
		('EDUCATOR_SCIENCE_FROM_DOMESTIC_TRADE_BBG', 'Amount', '3'),
		('EDUCATOR_SCIENCE_FROM_DOMESTIC_TRADE_BBG', 'YieldType', 'YIELD_SCIENCE');
INSERT INTO Types (Type, Kind) VALUES ('GOVERNOR_PROMOTION_EDUCATOR_TRADE_BBG', 'KIND_GOVERNOR_PROMOTION');
INSERT INTO GovernorPromotionSets (GovernorType, GovernorPromotion)
	VALUES
		('GOVERNOR_THE_EDUCATOR', 'GOVERNOR_PROMOTION_EDUCATOR_TRADE_BBG');
INSERT INTO GovernorPromotions (GovernorPromotionType, Name, Description, Level, Column, BaseAbility)
	VALUES
		('GOVERNOR_PROMOTION_EDUCATOR_TRADE_BBG', 'LOC_GOVERNOR_PROMOTION_EDUCATOR_KNOWLEDGE_NAME', 'LOC_GOVERNOR_PROMOTION_EDUCATOR_KNOWLEDGE_DESCRIPTION', 2, 2, 0);
INSERT INTO GovernorPromotionModifiers (GovernorPromotionType, ModifierId)
	VALUES
		('GOVERNOR_PROMOTION_EDUCATOR_TRADE_BBG', 'EDUCATOR_SCIENCE_FROM_DOMESTIC_TRADE_BBG');
DELETE FROM GovernorPromotionPrereqs WHERE GovernorPromotionType='GOVERNOR_PROMOTION_EDUCATOR_SPACE_INITIATIVE';
INSERT INTO GovernorPromotionPrereqs (GovernorPromotionType, PrereqGovernorPromotion)
	VALUES
		('GOVERNOR_PROMOTION_EDUCATOR_TRADE_BBG', 'GOVERNOR_PROMOTION_EDUCATOR_RESEARCHER'),
		('GOVERNOR_PROMOTION_EDUCATOR_SPACE_INITIATIVE', 'GOVERNOR_PROMOTION_EDUCATOR_TRADE_BBG');
		
-- Pingala's double adajacency added to researcher -- ok
INSERT INTO Modifiers (ModifierId, ModifierType)
	VALUES
		('EDUCATOR_DOUBLE_CAMPUS_ADJ_MODIFIER_BBG', 'MODIFIER_CITY_DISTRICTS_ADJUST_YIELD_MODIFIER');
INSERT INTO ModifierArguments (ModifierId, Name, Value)
	VALUES
		('EDUCATOR_DOUBLE_CAMPUS_ADJ_MODIFIER_BBG', 'Amount', '100'),
		('EDUCATOR_DOUBLE_CAMPUS_ADJ_MODIFIER_BBG', 'YieldType', 'YIELD_SCIENCE');
INSERT INTO GovernorPromotionModifiers (GovernorPromotionType, ModifierId)
	VALUES
		('GOVERNOR_PROMOTION_EDUCATOR_RESEARCHER', 'EDUCATOR_DOUBLE_CAMPUS_ADJ_MODIFIER_BBG');
UPDATE GovernorPromotions SET Column=1 WHERE GovernorPromotionType='GOVERNOR_PROMOTION_EDUCATOR_RESEARCHER';


-- +1 Sience from rainforest
INSERT INTO Types (Type, Kind) VALUES ('GOVERNOR_PROMOTION_RAINFOREST_SCIENCE', 'KIND_GOVERNOR_PROMOTION');

INSERT INTO GovernorPromotionSets (GovernorType, GovernorPromotion) VALUES 
	('GOVERNOR_THE_EDUCATOR', 'GOVERNOR_PROMOTION_RAINFOREST_SCIENCE');
	
INSERT INTO GovernorPromotions (GovernorPromotionType, Name, Description, Level, Column, BaseAbility) VALUES
	('GOVERNOR_PROMOTION_RAINFOREST_SCIENCE', 'GOVERNOR_PROMOTION_RAINFOREST_SCIENCE_NAME', 'GOVERNOR_PROMOTION_RAINFOREST_SCIENCE_DESCRIPTION', 2, 0, 0);
	
INSERT INTO GovernorPromotionModifiers (GovernorPromotionType, ModifierId) VALUES
		('GOVERNOR_PROMOTION_RAINFOREST_SCIENCE', 'ZOO_RAINFOREST_SCIENCE');
INSERT INTO GovernorPromotionPrereqs (GovernorPromotionType, PrereqGovernorPromotion)
	VALUES
		('GOVERNOR_PROMOTION_RAINFOREST_SCIENCE', 'GOVERNOR_PROMOTION_EDUCATOR_RESEARCHER');
		
-- +25% Production towards all Projects.
INSERT INTO Types (Type, Kind) VALUES
	( "GOVERNOR_PROMOTION_RESOURCE_ALLOCATION",          "KIND_GOVERNOR_PROMOTION"),
	( "GOVERNOR_PROMOTION_RESOURCE_ALLOCATION_MODIFIER", "KIND_MODIFIER");
INSERT INTO Modifiers (ModifierId, ModifierType) VALUES
	( "GOVERNOR_PROMOTION_RESOURCE_ALLOCATION_MODIFIER_1", "MODIFIER_SINGLE_CITY_ADJUST_PROJECT_PRODUCTION"),
	( "GOVERNOR_PROMOTION_RESOURCE_ALLOCATION_MODIFIER_2", "MODIFIER_SINGLE_CITY_ADJUST_PROJECT_PRODUCTION"),
	( "GOVERNOR_PROMOTION_RESOURCE_ALLOCATION_MODIFIER_3", "MODIFIER_SINGLE_CITY_ADJUST_PROJECT_PRODUCTION"),
	( "GOVERNOR_PROMOTION_RESOURCE_ALLOCATION_MODIFIER_4", "MODIFIER_SINGLE_CITY_ADJUST_PROJECT_PRODUCTION"),
	( "GOVERNOR_PROMOTION_RESOURCE_ALLOCATION_MODIFIER_5", "MODIFIER_SINGLE_CITY_ADJUST_PROJECT_PRODUCTION"),
	( "GOVERNOR_PROMOTION_RESOURCE_ALLOCATION_MODIFIER_6", "MODIFIER_SINGLE_CITY_ADJUST_PROJECT_PRODUCTION"),
	( "GOVERNOR_PROMOTION_RESOURCE_ALLOCATION_MODIFIER_7", "MODIFIER_SINGLE_CITY_ADJUST_PROJECT_PRODUCTION"),
	( "GOVERNOR_PROMOTION_RESOURCE_ALLOCATION_MODIFIER_8", "MODIFIER_SINGLE_CITY_ADJUST_PROJECT_PRODUCTION"),
	( "GOVERNOR_PROMOTION_RESOURCE_ALLOCATION_MODIFIER_9", "MODIFIER_SINGLE_CITY_ADJUST_PROJECT_PRODUCTION"),
	( "GOVERNOR_PROMOTION_RESOURCE_ALLOCATION_MODIFIER_10", "MODIFIER_SINGLE_CITY_ADJUST_PROJECT_PRODUCTION"),
	( "GOVERNOR_PROMOTION_RESOURCE_ALLOCATION_MODIFIER_11", "MODIFIER_SINGLE_CITY_ADJUST_PROJECT_PRODUCTION"),
	( "GOVERNOR_PROMOTION_RESOURCE_ALLOCATION_MODIFIER_12", "MODIFIER_SINGLE_CITY_ADJUST_PROJECT_PRODUCTION"),
	( "GOVERNOR_PROMOTION_RESOURCE_ALLOCATION_MODIFIER_13", "MODIFIER_SINGLE_CITY_ADJUST_PROJECT_PRODUCTION"),
	( "GOVERNOR_PROMOTION_RESOURCE_ALLOCATION_MODIFIER_14", "MODIFIER_SINGLE_CITY_ADJUST_PROJECT_PRODUCTION"),
	( "GOVERNOR_PROMOTION_RESOURCE_ALLOCATION_MODIFIER_15", "MODIFIER_SINGLE_CITY_ADJUST_PROJECT_PRODUCTION"),
	( "GOVERNOR_PROMOTION_RESOURCE_ALLOCATION_MODIFIER_16", "MODIFIER_SINGLE_CITY_ADJUST_PROJECT_PRODUCTION"),
	( "GOVERNOR_PROMOTION_RESOURCE_ALLOCATION_MODIFIER_17", "MODIFIER_SINGLE_CITY_ADJUST_PROJECT_PRODUCTION"),
	( "GOVERNOR_PROMOTION_RESOURCE_ALLOCATION_MODIFIER_18", "MODIFIER_SINGLE_CITY_ADJUST_PROJECT_PRODUCTION"),
	( "GOVERNOR_PROMOTION_RESOURCE_ALLOCATION_MODIFIER_19", "MODIFIER_SINGLE_CITY_ADJUST_PROJECT_PRODUCTION"),
	( "GOVERNOR_PROMOTION_RESOURCE_ALLOCATION_MODIFIER_20", "MODIFIER_SINGLE_CITY_ADJUST_PROJECT_PRODUCTION"),
	( "GOVERNOR_PROMOTION_RESOURCE_ALLOCATION_MODIFIER_21", "MODIFIER_SINGLE_CITY_ADJUST_PROJECT_PRODUCTION");
INSERT INTO ModifierArguments ( ModifierId, Name, Value) VALUES
	( "GOVERNOR_PROMOTION_RESOURCE_ALLOCATION_MODIFIER_1", "ProjectType", "PROJECT_REPAIR_OUTER_DEFENSES"),
	( "GOVERNOR_PROMOTION_RESOURCE_ALLOCATION_MODIFIER_1", "Amount", "25"),
	( "GOVERNOR_PROMOTION_RESOURCE_ALLOCATION_MODIFIER_2", "ProjectType", "PROJECT_LAUNCH_EARTH_SATELLITE"),
	( "GOVERNOR_PROMOTION_RESOURCE_ALLOCATION_MODIFIER_2", "Amount", "25"),
	( "GOVERNOR_PROMOTION_RESOURCE_ALLOCATION_MODIFIER_3", "ProjectType", "PROJECT_LAUNCH_MOON_LANDING"),
	( "GOVERNOR_PROMOTION_RESOURCE_ALLOCATION_MODIFIER_3", "Amount", "25"),
	( "GOVERNOR_PROMOTION_RESOURCE_ALLOCATION_MODIFIER_4", "ProjectType", "PROJECT_LAUNCH_MARS_REACTOR"),
	( "GOVERNOR_PROMOTION_RESOURCE_ALLOCATION_MODIFIER_4", "Amount", "25"),
	( "GOVERNOR_PROMOTION_RESOURCE_ALLOCATION_MODIFIER_5", "ProjectType", "PROJECT_LAUNCH_MARS_HABITATION"),
	( "GOVERNOR_PROMOTION_RESOURCE_ALLOCATION_MODIFIER_5", "Amount", "25"),
	( "GOVERNOR_PROMOTION_RESOURCE_ALLOCATION_MODIFIER_6", "ProjectType", "PROJECT_LAUNCH_MARS_HYDROPONICS"),
	( "GOVERNOR_PROMOTION_RESOURCE_ALLOCATION_MODIFIER_6", "Amount", "25"),
	( "GOVERNOR_PROMOTION_RESOURCE_ALLOCATION_MODIFIER_7", "ProjectType", "PROJECT_MANHATTAN_PROJECT"),
	( "GOVERNOR_PROMOTION_RESOURCE_ALLOCATION_MODIFIER_7", "Amount", "25"),
	( "GOVERNOR_PROMOTION_RESOURCE_ALLOCATION_MODIFIER_8", "ProjectType", "PROJECT_OPERATION_IVY"),
	( "GOVERNOR_PROMOTION_RESOURCE_ALLOCATION_MODIFIER_8", "Amount", "25"),
	( "GOVERNOR_PROMOTION_RESOURCE_ALLOCATION_MODIFIER_9", "ProjectType", "PROJECT_BUILD_NUCLEAR_DEVICE"),
	( "GOVERNOR_PROMOTION_RESOURCE_ALLOCATION_MODIFIER_9", "Amount", "25"),
	( "GOVERNOR_PROMOTION_RESOURCE_ALLOCATION_MODIFIER_10", "ProjectType", "PROJECT_BUILD_THERMONUCLEAR_DEVICE"),
	( "GOVERNOR_PROMOTION_RESOURCE_ALLOCATION_MODIFIER_10", "Amount", "25"),
	( "GOVERNOR_PROMOTION_RESOURCE_ALLOCATION_MODIFIER_11", "ProjectType", "PROJECT_CARNIVAL"),
	( "GOVERNOR_PROMOTION_RESOURCE_ALLOCATION_MODIFIER_11", "Amount", "25"),
	( "GOVERNOR_PROMOTION_RESOURCE_ALLOCATION_MODIFIER_12", "ProjectType", "PROJECT_ENHANCE_DISTRICT_ENCAMPMENT"),
	( "GOVERNOR_PROMOTION_RESOURCE_ALLOCATION_MODIFIER_12", "Amount", "25"),
	( "GOVERNOR_PROMOTION_RESOURCE_ALLOCATION_MODIFIER_13", "ProjectType", "PROJECT_ENHANCE_DISTRICT_HARBOR"),
	( "GOVERNOR_PROMOTION_RESOURCE_ALLOCATION_MODIFIER_13", "Amount", "25"),
	( "GOVERNOR_PROMOTION_RESOURCE_ALLOCATION_MODIFIER_14", "ProjectType", "PROJECT_ENHANCE_DISTRICT_INDUSTRIAL_ZONE"),
	( "GOVERNOR_PROMOTION_RESOURCE_ALLOCATION_MODIFIER_14", "Amount", "25"),
	( "GOVERNOR_PROMOTION_RESOURCE_ALLOCATION_MODIFIER_15", "ProjectType", "PROJECT_ENHANCE_DISTRICT_COMMERCIAL_HUB"),
	( "GOVERNOR_PROMOTION_RESOURCE_ALLOCATION_MODIFIER_15", "Amount", "25"),
	( "GOVERNOR_PROMOTION_RESOURCE_ALLOCATION_MODIFIER_16", "ProjectType", "PROJECT_ENHANCE_DISTRICT_HOLY_SITE"),
	( "GOVERNOR_PROMOTION_RESOURCE_ALLOCATION_MODIFIER_16", "Amount", "25"),
	( "GOVERNOR_PROMOTION_RESOURCE_ALLOCATION_MODIFIER_17", "ProjectType", "PROJECT_ENHANCE_DISTRICT_CAMPUS"),
	( "GOVERNOR_PROMOTION_RESOURCE_ALLOCATION_MODIFIER_17", "Amount", "25"),
	( "GOVERNOR_PROMOTION_RESOURCE_ALLOCATION_MODIFIER_18", "ProjectType", "PROJECT_ENHANCE_DISTRICT_THEATER"),
	( "GOVERNOR_PROMOTION_RESOURCE_ALLOCATION_MODIFIER_18", "Amount", "25"),
	( "GOVERNOR_PROMOTION_RESOURCE_ALLOCATION_MODIFIER_19", "ProjectType", "PROJECT_WATER_CARNIVAL"),
	( "GOVERNOR_PROMOTION_RESOURCE_ALLOCATION_MODIFIER_19", "Amount", "25"),
	( "GOVERNOR_PROMOTION_RESOURCE_ALLOCATION_MODIFIER_20", "ProjectType", "PROJECT_BREAD_AND_CIRCUSES"),
	( "GOVERNOR_PROMOTION_RESOURCE_ALLOCATION_MODIFIER_20", "Amount", "25"),
	( "GOVERNOR_PROMOTION_RESOURCE_ALLOCATION_MODIFIER_21", "ProjectType", "PROJECT_WATER_BREAD_AND_CIRCUSES"),
	( "GOVERNOR_PROMOTION_RESOURCE_ALLOCATION_MODIFIER_21", "Amount", "25");
	
INSERT INTO GovernorPromotions (GovernorPromotionType, Name, Description, Level, Column) VALUES
	("GOVERNOR_PROMOTION_RESOURCE_ALLOCATION",           "LOC_GOVERNOR_PROMOTION_NAME_RESOURCE_ALLOCATION", "LOC_GOVERNOR_PROMOTION_DESC_RESOURCE_ALLOCATION", 3, 0);
INSERT INTO GovernorPromotionModifiers (GovernorPromotionType, ModifierId) VALUES
	("GOVERNOR_PROMOTION_RESOURCE_ALLOCATION",			 "GOVERNOR_PROMOTION_RESOURCE_ALLOCATION_MODIFIER_1" ),
	("GOVERNOR_PROMOTION_RESOURCE_ALLOCATION",			 "GOVERNOR_PROMOTION_RESOURCE_ALLOCATION_MODIFIER_2" ),
	("GOVERNOR_PROMOTION_RESOURCE_ALLOCATION",			 "GOVERNOR_PROMOTION_RESOURCE_ALLOCATION_MODIFIER_3" ),
	("GOVERNOR_PROMOTION_RESOURCE_ALLOCATION",			 "GOVERNOR_PROMOTION_RESOURCE_ALLOCATION_MODIFIER_4" ),
	("GOVERNOR_PROMOTION_RESOURCE_ALLOCATION",			 "GOVERNOR_PROMOTION_RESOURCE_ALLOCATION_MODIFIER_5" ),
	("GOVERNOR_PROMOTION_RESOURCE_ALLOCATION",			 "GOVERNOR_PROMOTION_RESOURCE_ALLOCATION_MODIFIER_6" ),
	("GOVERNOR_PROMOTION_RESOURCE_ALLOCATION",			 "GOVERNOR_PROMOTION_RESOURCE_ALLOCATION_MODIFIER_7" ),
	("GOVERNOR_PROMOTION_RESOURCE_ALLOCATION",			 "GOVERNOR_PROMOTION_RESOURCE_ALLOCATION_MODIFIER_8" ),
	("GOVERNOR_PROMOTION_RESOURCE_ALLOCATION",			 "GOVERNOR_PROMOTION_RESOURCE_ALLOCATION_MODIFIER_9" ),
	("GOVERNOR_PROMOTION_RESOURCE_ALLOCATION",			 "GOVERNOR_PROMOTION_RESOURCE_ALLOCATION_MODIFIER_10"),
	("GOVERNOR_PROMOTION_RESOURCE_ALLOCATION",			 "GOVERNOR_PROMOTION_RESOURCE_ALLOCATION_MODIFIER_11"),
	("GOVERNOR_PROMOTION_RESOURCE_ALLOCATION",			 "GOVERNOR_PROMOTION_RESOURCE_ALLOCATION_MODIFIER_12"),
	("GOVERNOR_PROMOTION_RESOURCE_ALLOCATION",			 "GOVERNOR_PROMOTION_RESOURCE_ALLOCATION_MODIFIER_13"),
	("GOVERNOR_PROMOTION_RESOURCE_ALLOCATION",			 "GOVERNOR_PROMOTION_RESOURCE_ALLOCATION_MODIFIER_14"),
	("GOVERNOR_PROMOTION_RESOURCE_ALLOCATION",			 "GOVERNOR_PROMOTION_RESOURCE_ALLOCATION_MODIFIER_15"),
	("GOVERNOR_PROMOTION_RESOURCE_ALLOCATION",			 "GOVERNOR_PROMOTION_RESOURCE_ALLOCATION_MODIFIER_16"),
	("GOVERNOR_PROMOTION_RESOURCE_ALLOCATION",			 "GOVERNOR_PROMOTION_RESOURCE_ALLOCATION_MODIFIER_17"),
	("GOVERNOR_PROMOTION_RESOURCE_ALLOCATION",			 "GOVERNOR_PROMOTION_RESOURCE_ALLOCATION_MODIFIER_18"),
	("GOVERNOR_PROMOTION_RESOURCE_ALLOCATION",			 "GOVERNOR_PROMOTION_RESOURCE_ALLOCATION_MODIFIER_19"),
	("GOVERNOR_PROMOTION_RESOURCE_ALLOCATION",			 "GOVERNOR_PROMOTION_RESOURCE_ALLOCATION_MODIFIER_20"),
	("GOVERNOR_PROMOTION_RESOURCE_ALLOCATION",			 "GOVERNOR_PROMOTION_RESOURCE_ALLOCATION_MODIFIER_21");
	
INSERT INTO GovernorPromotionSets (GovernorType, GovernorPromotion) VALUES
	("GOVERNOR_THE_EDUCATOR",                            "GOVERNOR_PROMOTION_RESOURCE_ALLOCATION");
INSERT INTO GovernorPromotionPrereqs (GovernorPromotionType, PrereqGovernorPromotion) VALUES
	("GOVERNOR_PROMOTION_RESOURCE_ALLOCATION",           "GOVERNOR_PROMOTION_RAINFOREST_SCIENCE");


-- Delete GOVERNOR_PROMOTION_EDUCATOR_ARMS_RACE_PROPONENT
DELETE FROM GovernorPromotionPrereqs WHERE GovernorPromotionType='GOVERNOR_PROMOTION_EDUCATOR_ARMS_RACE_PROPONENT' OR PrereqGovernorPromotion='GOVERNOR_PROMOTION_EDUCATOR_ARMS_RACE_PROPONENT';
DELETE FROM GovernorPromotions WHERE GovernorPromotionType='GOVERNOR_PROMOTION_EDUCATOR_ARMS_RACE_PROPONENT';
DELETE FROM GovernorPromotionSets WHERE GovernorPromotion='GOVERNOR_PROMOTION_EDUCATOR_ARMS_RACE_PROPONENT';
DELETE FROM GovernorPromotionModifiers WHERE GovernorPromotionType='GOVERNOR_PROMOTION_EDUCATOR_ARMS_RACE_PROPONENT';

-- Buff to 50%
-- SELECT * FROM GovernorPromotionModifiers WHERE GovernorPromotionType LIKE '%ReSearcher%';
-- RESEARCHER_FASTER_CAMPUS_BUILDING_CONSTRUCTION
UPDATE ModifierArguments SET Value='50' 
WHERE ModifierId IN ('RESEARCHER_FASTER_CAMPUS_BUILDING_CONSTRUCTION') AND Name='Amount';
UPDATE ModifierArguments SET Value='50' 
WHERE ModifierId LIKE '%EDUCATOR_FASTER_%' AND Name='Amount';
-- Make it 20%
UPDATE ModifierArguments SET Value='20' 
WHERE ModifierId IN ('LIBRARIAN_SCIENCE_YIELD_BONUS') AND Name='Amount';

--============================================
--******			Reyna				******
--============================================
-- Reyna's new 3rd level right ability
-- +1 prudction/ +2 gold prod for tiles without resources

-- New tiles are bought cheaper
INSERT INTO Modifiers (ModifierId, ModifierType) VALUES
	('SM_LAND_ACQUISITION_CHEAPER_PLOT_COSTS', 'MODIFIER_PLAYER_CITIES_ADJUST_PLOT_PURCHASE_COST');
INSERT INTO ModifierArguments (ModifierId , Name , Value) VALUES 
	('SM_LAND_ACQUISITION_CHEAPER_PLOT_COSTS', 'Amount', '-25');
	
INSERT INTO GovernorPromotionModifiers (GovernorPromotionType, ModifierId) VALUES
	('GOVERNOR_PROMOTION_MERCHANT_LAND_ACQUISITION', 'SM_LAND_ACQUISITION_CHEAPER_PLOT_COSTS');
	
-- Foreign +4/+4 Gold
INSERT INTO Modifiers (ModifierId, ModifierType) VALUES
	('BONUS_GOLD_TO_INCOMING_FOREIGN_TRADE', 'MODIFIER_SINGLE_CITY_ADJUST_TRADE_ROUTE_YIELD_TO_OTHERS'),
	('BONUS_GOLD_FROM_INCOMING_FOREIGN_TRADE', 'MODIFIER_SINGLE_CITY_ADJUST_TRADE_ROUTE_YIELD_FROM_OTHERS');
INSERT INTO ModifierArguments (ModifierId , Name , Value) VALUES 
	('BONUS_GOLD_TO_INCOMING_FOREIGN_TRADE', 'YieldType', 'YIELD_GOLD'),
	('BONUS_GOLD_TO_INCOMING_FOREIGN_TRADE', 'Amount', '4'),
	('BONUS_GOLD_FROM_INCOMING_FOREIGN_TRADE', 'YieldType', 'YIELD_GOLD'),
	('BONUS_GOLD_FROM_INCOMING_FOREIGN_TRADE', 'Amount', '4');

DELETE FROM GovernorPromotionModifiers WHERE GovernorPromotionType="GOVERNOR_PROMOTION_MERCHANT_FOREIGN_EXCHANGE";
INSERT INTO GovernorPromotionModifiers (GovernorPromotionType, ModifierId) VALUES
	('GOVERNOR_PROMOTION_MERCHANT_FOREIGN_EXCHANGE', 'BONUS_GOLD_TO_INCOMING_FOREIGN_TRADE'),
	('GOVERNOR_PROMOTION_MERCHANT_FOREIGN_EXCHANGE', 'BONUS_GOLD_FROM_INCOMING_FOREIGN_TRADE');

-- +1/+2 For all
INSERT INTO Modifiers (ModifierId, ModifierType) VALUES
	('GOVERNOR_PROMOTION_TILE_MANAGER_POSITIVE_MODIFIER_PRODUCTION', 'MODIFIER_CITY_PLOT_YIELDS_ADJUST_PLOT_YIELD'),
	('GOVERNOR_PROMOTION_TILE_MANAGER_POSITIVE_MODIFIER_GOLD', 'MODIFIER_CITY_PLOT_YIELDS_ADJUST_PLOT_YIELD');
	
INSERT INTO ModifierArguments (ModifierId , Name , Value) VALUES 
	('GOVERNOR_PROMOTION_TILE_MANAGER_POSITIVE_MODIFIER_PRODUCTION', 'YieldType', 'YIELD_PRODUCTION'),
	('GOVERNOR_PROMOTION_TILE_MANAGER_POSITIVE_MODIFIER_PRODUCTION', 'Amount', '1'),
	('GOVERNOR_PROMOTION_TILE_MANAGER_POSITIVE_MODIFIER_GOLD', 'YieldType', 'YIELD_GOLD'),
	('GOVERNOR_PROMOTION_TILE_MANAGER_POSITIVE_MODIFIER_GOLD', 'Amount', '2');

-- -1/-2 For resources
INSERT INTO RequirementSets (RequirementSetId , RequirementSetType)
	VALUES ('GOVERNOR_PROMOTION_TILE_MANAGER_NEGATIVE_MODIFIER_REQUIREMENTS' , 'REQUIREMENTSET_TEST_ALL');
INSERT INTO RequirementSetRequirements (RequirementSetId , RequirementId)
	VALUES ('GOVERNOR_PROMOTION_TILE_MANAGER_NEGATIVE_MODIFIER_REQUIREMENTS' , 'REQUIRES_PLOT_HAS_VISIBLE_RESOURCE');

INSERT INTO Modifiers (ModifierId, ModifierType, SubjectRequirementSetId) VALUES
	('GOVERNOR_PROMOTION_TILE_MANAGER_NEGATIVE_MODIFIER_PRODUCTION', 'MODIFIER_CITY_PLOT_YIELDS_ADJUST_PLOT_YIELD', 'GOVERNOR_PROMOTION_TILE_MANAGER_NEGATIVE_MODIFIER_REQUIREMENTS'),
	('GOVERNOR_PROMOTION_TILE_MANAGER_NEGATIVE_MODIFIER_GOLD', 'MODIFIER_CITY_PLOT_YIELDS_ADJUST_PLOT_YIELD', 'GOVERNOR_PROMOTION_TILE_MANAGER_NEGATIVE_MODIFIER_REQUIREMENTS');
INSERT INTO ModifierArguments (ModifierId , Name , Value) VALUES
	('GOVERNOR_PROMOTION_TILE_MANAGER_NEGATIVE_MODIFIER_PRODUCTION', 'YieldType', 'YIELD_PRODUCTION'),
	('GOVERNOR_PROMOTION_TILE_MANAGER_NEGATIVE_MODIFIER_PRODUCTION', 'Amount', '-1'),
	('GOVERNOR_PROMOTION_TILE_MANAGER_NEGATIVE_MODIFIER_GOLD', 'YieldType', 'YIELD_GOLD'),
	('GOVERNOR_PROMOTION_TILE_MANAGER_NEGATIVE_MODIFIER_GOLD', 'Amount', '-2');

-- Combine them
INSERT INTO Types (Type, Kind) VALUES ('GOVERNOR_PROMOTION_TILE_MANAGER', 'KIND_GOVERNOR_PROMOTION');

INSERT INTO GovernorPromotionSets (GovernorType, GovernorPromotion) VALUES 
	('GOVERNOR_THE_MERCHANT', 'GOVERNOR_PROMOTION_TILE_MANAGER');
	
INSERT INTO GovernorPromotions (GovernorPromotionType, Name, Description, Level, Column, BaseAbility) VALUES
	('GOVERNOR_PROMOTION_TILE_MANAGER', 'GOVERNOR_PROMOTION_TILE_MANAGER_NAME', 'GOVERNOR_PROMOTION_TILE_MANAGER_DESCRIPTION', 3, 2, 0);
	
INSERT INTO GovernorPromotionModifiers (GovernorPromotionType, ModifierId) VALUES
	('GOVERNOR_PROMOTION_TILE_MANAGER', 'GOVERNOR_PROMOTION_TILE_MANAGER_POSITIVE_MODIFIER_PRODUCTION'),
	('GOVERNOR_PROMOTION_TILE_MANAGER', 'GOVERNOR_PROMOTION_TILE_MANAGER_POSITIVE_MODIFIER_GOLD'),
	('GOVERNOR_PROMOTION_TILE_MANAGER', 'GOVERNOR_PROMOTION_TILE_MANAGER_NEGATIVE_MODIFIER_PRODUCTION'),
	('GOVERNOR_PROMOTION_TILE_MANAGER', 'GOVERNOR_PROMOTION_TILE_MANAGER_NEGATIVE_MODIFIER_GOLD');
	
INSERT INTO GovernorPromotionPrereqs (GovernorPromotionType, PrereqGovernorPromotion) VALUES
	( 'GOVERNOR_PROMOTION_TILE_MANAGER', 'GOVERNOR_PROMOTION_MERCHANT_TAX_COLLECTOR' );

-- Faster 50% tiles.
UPDATE ModifierArguments SET Value='50' 
WHERE ModifierId IN ('LAND_ACQUISITION_FASTER_PLOT_ANNEXING') AND Name='Amount';

--============================================
--******			Magnus				******
--============================================
-- My approch to update Magnus 
-- To Debug
-- SELECT GovernorPromotionSets.*, GovernorPromotionPrereqs.PrereqGovernorPromotion
-- FROM GovernorPromotionSets
-- LEFT JOIN GovernorPromotionPrereqs ON GovernorPromotionSets.GovernorPromotion=GovernorPromotionPrereqs.GovernorPromotionType
-- ORDER BY GovernorType,PrereqGovernorPromotion;

-- Delete GOVERNOR_PROMOTION_ZONING_COMMISSIONER
DELETE FROM GovernorPromotionPrereqs WHERE GovernorPromotionType='GOVERNOR_PROMOTION_RESOURCE_MANAGER_GROUNDBREAKER' OR PrereqGovernorPromotion='GOVERNOR_PROMOTION_RESOURCE_MANAGER_GROUNDBREAKER';
DELETE FROM GovernorPromotions WHERE GovernorPromotionType='GOVERNOR_PROMOTION_RESOURCE_MANAGER_GROUNDBREAKER';
DELETE FROM GovernorPromotionSets WHERE GovernorPromotion='GOVERNOR_PROMOTION_RESOURCE_MANAGER_GROUNDBREAKER';
DELETE FROM GovernorPromotionModifiers WHERE GovernorPromotionType='GOVERNOR_PROMOTION_RESOURCE_MANAGER_GROUNDBREAKER';

-- Change base
DELETE FROM GovernorPromotionPrereqs WHERE GovernorPromotionType='GOVERNOR_PROMOTION_RESOURCE_MANAGER_BLACK_MARKETEER' OR PrereqGovernorPromotion='GOVERNOR_PROMOTION_RESOURCE_MANAGER_BLACK_MARKETEER';
UPDATE GovernorPromotions SET Level=0,Column=1,BaseAbility=1 WHERE GovernorPromotionType='GOVERNOR_PROMOTION_RESOURCE_MANAGER_BLACK_MARKETEER';

--- LEFT UP: +20% to settlers, and do not consume
-- remove industerial bonus
DELETE FROM GovernorPromotionModifiers WHERE ModifierId='EXPEDITION_FASTER_INDUSTRIAL_DISTRICT_BUILDING_CONSTRUCTION';
-- +20% to settlers
INSERT INTO Modifiers (ModifierId, ModifierType) VALUES
	('EPSTWEAK_MAGNUS_SETTLER_PRODUCTION', 'MODIFIER_PLAYER_UNITS_ADJUST_UNIT_PRODUCTION');
	
INSERT INTO ModifierArguments (ModifierId , Name , Value) VALUES 
	('EPSTWEAK_MAGNUS_SETTLER_PRODUCTION', 'UnitType', 'UNIT_SETTLER'),
	('EPSTWEAK_MAGNUS_SETTLER_PRODUCTION', 'Amount', '20');
	
INSERT INTO GovernorPromotionModifiers (GovernorPromotionType, ModifierId) VALUES
	('GOVERNOR_PROMOTION_RESOURCE_MANAGER_EXPEDITION', 'EPSTWEAK_MAGNUS_SETTLER_PRODUCTION');

-- LEFT DOWN: +20% Production toward wonders 
INSERT INTO Modifiers (ModifierId, ModifierType) VALUES
	('SM_PRODUCTION_WONDER_CONSTRUCTION', 'MODIFIER_SINGLE_CITY_ADJUST_WONDER_PRODUCTION');
	
INSERT INTO ModifierArguments (ModifierId , Name , Value) VALUES 
	('SM_PRODUCTION_WONDER_CONSTRUCTION', 'Amount', '20');

INSERT INTO Types (Type, Kind) VALUES ('GOVERNOR_PROMOTION_GRAND_ARCHITECT', 'KIND_GOVERNOR_PROMOTION');

INSERT INTO GovernorPromotionSets (GovernorType, GovernorPromotion) VALUES 
	('GOVERNOR_THE_RESOURCE_MANAGER', 'GOVERNOR_PROMOTION_GRAND_ARCHITECT');
	
INSERT INTO GovernorPromotions (GovernorPromotionType, Name, Description, Level, Column, BaseAbility) VALUES
	('GOVERNOR_PROMOTION_GRAND_ARCHITECT', 'GOVERNOR_PROMOTION_GRAND_ARCHITECT_NAME', 'GOVERNOR_PROMOTION_GRAND_ARCHITECT_DESCRIPTION', 3, 2, 0);
	
INSERT INTO GovernorPromotionModifiers (GovernorPromotionType, ModifierId) VALUES
	('GOVERNOR_PROMOTION_GRAND_ARCHITECT', 'SM_PRODUCTION_WONDER_CONSTRUCTION');

-- Start clean
DELETE FROM GovernorPromotionPrereqs WHERE GovernorPromotionType='GOVERNOR_PROMOTION_RESOURCE_MANAGER_BLACK_MARKETEER' OR PrereqGovernorPromotion='GOVERNOR_PROMOTION_RESOURCE_MANAGER_BLACK_MARKETEER';

INSERT INTO GovernorPromotionPrereqs (GovernorPromotionType, PrereqGovernorPromotion) VALUES
	( 'GOVERNOR_PROMOTION_RESOURCE_MANAGER_EXPEDITION', 'GOVERNOR_PROMOTION_RESOURCE_MANAGER_BLACK_MARKETEER' ),
	( 'GOVERNOR_PROMOTION_RESOURCE_MANAGER_SURPLUS_LOGISTICS', 'GOVERNOR_PROMOTION_RESOURCE_MANAGER_BLACK_MARKETEER' ),
	( 'GOVERNOR_PROMOTION_RESOURCE_MANAGER_INDUSTRIALIST', 'GOVERNOR_PROMOTION_RESOURCE_MANAGER_EXPEDITION' ),
	( 'GOVERNOR_PROMOTION_GRAND_ARCHITECT', 'GOVERNOR_PROMOTION_RESOURCE_MANAGER_INDUSTRIALIST' );

UPDATE GovernorPromotions SET Column=0 WHERE GovernorPromotionType='GOVERNOR_PROMOTION_RESOURCE_MANAGER_VERTICAL_INTEGRATION';
UPDATE GovernorPromotions SET Column=1 WHERE GovernorPromotionType='GOVERNOR_PROMOTION_RESOURCE_MANAGER_INDUSTRIALIST';

-- Buff to +2 Production per Strategic
-- SELECT * FROM GovernorPromotionModifiers WHERE GovernorPromotionType LIKE '%INDUSTRIALIST%';
-- SELECT * FROM ModifierArguments WHERE ModifierId LIKE '%INFRASTRUCTURE_FASTER_%';
-- INDUSTRIALIST_PRODUCTION_FROM_STRATEGIC_RESOURCES
UPDATE ModifierArguments SET Value='2' 
WHERE ModifierId='INDUSTRIALIST_PRODUCTION_FROM_STRATEGIC_RESOURCES' AND Name='Amount';

--============================================
--******			Liang				******
--============================================

-- GOVERNOR_PROMOTION_ARCHITECT LEFT
-- GOVERNOR_PROMOTION_INFRASTRUCTURE RIGHT
DELETE FROM GovernorPromotionPrereqs WHERE GovernorPromotionType='GOVERNOR_PROMOTION_INFRASTRUCTURE' OR PrereqGovernorPromotion='GOVERNOR_PROMOTION_INFRASTRUCTURE';
INSERT INTO GovernorPromotionPrereqs (GovernorPromotionType, PrereqGovernorPromotion) VALUES 
	    ('GOVERNOR_PROMOTION_INFRASTRUCTURE', 'GOVERNOR_PROMOTION_BUILDER_GUILDMASTER');
UPDATE GovernorPromotions SET Level=1, Column=2 WHERE GovernorPromotionType='GOVERNOR_PROMOTION_INFRASTRUCTURE';

-- Move promoter from Amany
UPDATE GovernorPromotionSets SET GovernorType='GOVERNOR_THE_BUILDER' WHERE GovernorPromotion='GOVERNOR_PROMOTION_AMBASSADOR_PROMOTER';
UPDATE GovernorPromotions SET Level=1, Column=0 WHERE GovernorPromotionType='GOVERNOR_PROMOTION_AMBASSADOR_PROMOTER';
DELETE FROM GovernorPromotionPrereqs WHERE GovernorPromotionType='GOVERNOR_PROMOTION_AMBASSADOR_PROMOTER' OR PrereqGovernorPromotion='GOVERNOR_PROMOTION_AMBASSADOR_PROMOTER';
INSERT INTO GovernorPromotionPrereqs (GovernorPromotionType, PrereqGovernorPromotion) VALUES 
	('GOVERNOR_PROMOTION_AMBASSADOR_PROMOTER', 'GOVERNOR_PROMOTION_BUILDER_GUILDMASTER');
	
-- +1 food on every resource
INSERT INTO Modifiers (ModifierId, ModifierType, SubjectRequirementSetId) VALUES
	('GOVERNOR_PROMOTION_AGRICULTURE_FOOD', 'MODIFIER_CITY_PLOT_YIELDS_ADJUST_PLOT_YIELD', 'GOVERNOR_PROMOTION_AGRICULTURE_FOOD_REQUIREMENTS');
INSERT INTO ModifierArguments (ModifierId , Name , Value)
	VALUES ('GOVERNOR_PROMOTION_AGRICULTURE_FOOD' , 'YieldType' , 'YIELD_FOOD');
INSERT INTO ModifierArguments (ModifierId , Name , Value)
	VALUES ('GOVERNOR_PROMOTION_AGRICULTURE_FOOD' , 'Amount' , '1');
INSERT INTO RequirementSets (RequirementSetId , RequirementSetType)
	VALUES ('GOVERNOR_PROMOTION_AGRICULTURE_FOOD_REQUIREMENTS' , 'REQUIREMENTSET_TEST_ALL');
INSERT INTO RequirementSetRequirements (RequirementSetId , RequirementId)
	VALUES ('GOVERNOR_PROMOTION_AGRICULTURE_FOOD_REQUIREMENTS' , 'REQUIRES_PLOT_HAS_VISIBLE_RESOURCE');
INSERT INTO Types (Type, Kind) VALUES ('GOVERNOR_PROMOTION_AGRICULTURE', 'KIND_GOVERNOR_PROMOTION');
INSERT INTO GovernorPromotionSets (GovernorType, GovernorPromotion) VALUES ('GOVERNOR_THE_BUILDER', 'GOVERNOR_PROMOTION_AGRICULTURE');
INSERT INTO GovernorPromotions (GovernorPromotionType, Name, Description, Level, Column)
	VALUES ('GOVERNOR_PROMOTION_AGRICULTURE', 'LOC_GOVERNOR_PROMOTION_AGRICULTURE_NAME', 'LOC_GOVERNOR_PROMOTION_AGRICULTURE_DESCRIPTION', 1, 2);
INSERT INTO GovernorPromotionModifiers (GovernorPromotionType, ModifierId)
	VALUES ('GOVERNOR_PROMOTION_AGRICULTURE', 'GOVERNOR_PROMOTION_AGRICULTURE_FOOD');
INSERT INTO GovernorPromotionPrereqs (GovernorPromotionType, PrereqGovernorPromotion)
	VALUES ('GOVERNOR_PROMOTION_AGRICULTURE', 'GOVERNOR_PROMOTION_INFRASTRUCTURE');
UPDATE GovernorPromotions SET Level=2, Column=2 WHERE GovernorPromotionType='GOVERNOR_PROMOTION_AGRICULTURE';

-- Better parks
UPDATE Improvement_YieldChanges SET YieldChange=3 WHERE ImprovementType='IMPROVEMENT_CITY_PARK' AND YieldType='YIELD_CULTURE';
INSERT INTO Improvement_YieldChanges (ImprovementType, YieldType, YieldChange) VALUES
	('IMPROVEMENT_CITY_PARK', 'YIELD_SCIENCE', 3);
INSERT INTO Improvement_YieldChanges (ImprovementType, YieldType, YieldChange) VALUES
	('IMPROVEMENT_CITY_PARK', 'YIELD_GOLD', 3);
UPDATE Modifiers SET SubjectRequirementSetId=NULL WHERE ModifierId='CITY_PARK_WATER_AMENITY';
INSERT INTO Modifiers (ModifierId, ModifierType) VALUES
	('CITY_PARK_HOUSING_BBG', 'MODIFIER_SINGLE_CITY_ADJUST_IMPROVEMENT_HOUSING');
INSERT INTO ModifierArguments (ModifierId , Name , Value)
	VALUES ('CITY_PARK_HOUSING_BBG' , 'Amount' , '1');
INSERT INTO ImprovementModifiers (ImprovementType, ModifierID) VALUES
	('IMPROVEMENT_CITY_PARK', 'CITY_PARK_HOUSING_BBG');
DELETE FROM ImprovementModifiers WHERE ModifierID='CITY_PARK_GOVERNOR_CULTURE';
DELETE FROM Improvement_ValidTerrains WHERE ImprovementType='IMPROVEMENT_CITY_PARK' AND TerrainType='TERRAIN_DESERT_HILLS';
DELETE FROM Improvement_ValidTerrains WHERE ImprovementType='IMPROVEMENT_CITY_PARK' AND TerrainType='TERRAIN_GRASS_HILLS';
DELETE FROM Improvement_ValidTerrains WHERE ImprovementType='IMPROVEMENT_CITY_PARK' AND TerrainType='TERRAIN_PLAINS_HILLS';
DELETE FROM Improvement_ValidTerrains WHERE ImprovementType='IMPROVEMENT_CITY_PARK' AND TerrainType='TERRAIN_SNOW_HILLS';
DELETE FROM Improvement_ValidTerrains WHERE ImprovementType='IMPROVEMENT_CITY_PARK' AND TerrainType='TERRAIN_TUNDRA_HILLS';
UPDATE Improvements SET OnePerCity=1 WHERE ImprovementType='IMPROVEMENT_CITY_PARK';

-- Move parks
DELETE FROM GovernorPromotionPrereqs WHERE GovernorPromotionType='GOVERNOR_PROMOTION_PARKS_RECREATION' OR PrereqGovernorPromotion='GOVERNOR_PROMOTION_PARKS_RECREATION';
INSERT INTO GovernorPromotionPrereqs ( GovernorPromotionType, PrereqGovernorPromotion ) VALUES
	( 'GOVERNOR_PROMOTION_PARKS_RECREATION', 'GOVERNOR_PROMOTION_AMBASSADOR_PROMOTER' );
UPDATE GovernorPromotions SET Level=2, Column=0 WHERE GovernorPromotionType='GOVERNOR_PROMOTION_PARKS_RECREATION';

-- +1 prod for each tile
INSERT INTO Modifiers (ModifierId, ModifierType) VALUES
	('ZONING_COMMISH_PRODUCTION_MODIFIER', 'MODIFIER_CITY_PLOT_YIELDS_ADJUST_PLOT_YIELD');
	
INSERT INTO ModifierArguments (ModifierId , Name , Value) VALUES 
	('ZONING_COMMISH_PRODUCTION_MODIFIER', 'YieldType', 'YIELD_PRODUCTION'),
	('ZONING_COMMISH_PRODUCTION_MODIFIER', 'Amount', '1');
	
INSERT INTO Types (Type, Kind) VALUES ('GOVERNOR_PROMOTION_ZONING_COMMISH_PRODUCTION', 'KIND_GOVERNOR_PROMOTION');

INSERT INTO GovernorPromotionSets (GovernorType, GovernorPromotion) VALUES 
	('GOVERNOR_THE_BUILDER', 'GOVERNOR_PROMOTION_ZONING_COMMISH_PRODUCTION');
	
INSERT INTO GovernorPromotions (GovernorPromotionType, Name, Description, Level, Column, BaseAbility) VALUES
	('GOVERNOR_PROMOTION_ZONING_COMMISH_PRODUCTION', 'GOVERNOR_PROMOTION_ZONING_COMMISH_PRODUCTION_NAME', 'GOVERNOR_PROMOTION_ZONING_COMMISH_PRODUCTION_DESCRIPTION', 3, 1, 0);
	
INSERT INTO GovernorPromotionModifiers (GovernorPromotionType, ModifierId) VALUES
	('GOVERNOR_PROMOTION_ZONING_COMMISH_PRODUCTION', 'ZONING_COMMISH_PRODUCTION_MODIFIER');
	
INSERT INTO GovernorPromotionPrereqs (GovernorPromotionType, PrereqGovernorPromotion) VALUES
	( 'GOVERNOR_PROMOTION_ZONING_COMMISH_PRODUCTION', 'GOVERNOR_PROMOTION_PARKS_RECREATION' ),
	( 'GOVERNOR_PROMOTION_ZONING_COMMISH_PRODUCTION', 'GOVERNOR_PROMOTION_AGRICULTURE' );

-- Delete GOVERNOR_PROMOTION_AQUACULTURE
DELETE FROM GovernorPromotionPrereqs WHERE GovernorPromotionType='GOVERNOR_PROMOTION_AQUACULTURE' OR PrereqGovernorPromotion='GOVERNOR_PROMOTION_AQUACULTURE';
DELETE FROM GovernorPromotions WHERE GovernorPromotionType='GOVERNOR_PROMOTION_AQUACULTURE';
DELETE FROM GovernorPromotionSets WHERE GovernorPromotion='GOVERNOR_PROMOTION_AQUACULTURE';
DELETE FROM GovernorPromotionModifiers WHERE GovernorPromotionType='GOVERNOR_PROMOTION_AQUACULTURE';

-- Delete GOVERNOR_PROMOTION_ARCHITECT
DELETE FROM GovernorPromotionPrereqs WHERE GovernorPromotionType='GOVERNOR_PROMOTION_ARCHITECT' OR PrereqGovernorPromotion='GOVERNOR_PROMOTION_ARCHITECT';
DELETE FROM GovernorPromotions WHERE GovernorPromotionType='GOVERNOR_PROMOTION_ARCHITECT';
DELETE FROM GovernorPromotionSets WHERE GovernorPromotion='GOVERNOR_PROMOTION_ARCHITECT';
DELETE FROM GovernorPromotionModifiers WHERE GovernorPromotionType='GOVERNOR_PROMOTION_ARCHITECT';

-- Delete GOVERNOR_PROMOTION_ZONING_COMMISSIONER
DELETE FROM GovernorPromotionPrereqs WHERE GovernorPromotionType='GOVERNOR_PROMOTION_ZONING_COMMISSIONER' OR PrereqGovernorPromotion='GOVERNOR_PROMOTION_ZONING_COMMISSIONER';
DELETE FROM GovernorPromotions WHERE GovernorPromotionType='GOVERNOR_PROMOTION_ZONING_COMMISSIONER';
DELETE FROM GovernorPromotionSets WHERE GovernorPromotion='GOVERNOR_PROMOTION_ZONING_COMMISSIONER';
DELETE FROM GovernorPromotionModifiers WHERE GovernorPromotionType='GOVERNOR_PROMOTION_ZONING_COMMISSIONER';

-- Add fishery to tech tree
UPDATE Improvements SET TraitType=NULL WHERE ImprovementType='IMPROVEMENT_FISHERY';
DELETE FROM ImprovementModifiers WHERE ImprovementType='IMPROVEMENT_FISHERY';
DELETE FROM Modifiers WHERE ModifierId='AQUACULTURE_CAN_BUILD_FISHERY';
DELETE FROM ModifierArguments WHERE ModifierId='AQUACULTURE_CAN_BUILD_FISHERY';
UPDATE Improvements SET PrereqTech='TECH_CARTOGRAPHY' WHERE ImprovementType='IMPROVEMENT_FISHERY';

-- Buff to 100%
-- SELECT * FROM GovernorPromotionModifiers WHERE GovernorPromotionType LIKE '%GOVERNOR_PROMOTION_INFRASTRUCTURE%';
-- SELECT * FROM ModifierArguments WHERE ModifierId LIKE '%INFRASTRUCTURE_FASTER_%';
UPDATE ModifierArguments SET Value='100' 
WHERE ModifierId LIKE '%INFRASTRUCTURE_FASTER_%' AND Name='Amount';


--============================================
--******			Amany				******
--============================================

-- Start clean
DELETE FROM GovernorPromotionPrereqs WHERE GovernorPromotionType LIKE '%AMBASSADOR%' AND NOT GovernorPromotionType LIKE '%_PROMOTER%';

-- Persuasive Partisan
-- -50% Levy Army Cost in Current City-State.
INSERT INTO Types
	(Type, Kind) VALUES
	("GOVERNOR_PROMOTION_PERSUASIVE_PARTISAN",                       "KIND_GOVERNOR_PROMOTION"),
	("GOVERNOR_PROMOTION_PERSUASIVE_PARTISAN_MODIFIER",              "KIND_MODIFIER");
INSERT INTO Modifiers
	( ModifierId, ModifierType) VALUES
	( "GOVERNOR_PROMOTION_PERSUASIVE_PARTISAN_MODIFIER",              "MODIFIER_PLAYER_ADJUST_LEVY_DISCOUNT_PERCENT");
INSERT INTO ModifierArguments
	( ModifierId, Name, Value) VALUES
	( "GOVERNOR_PROMOTION_PERSUASIVE_PARTISAN_MODIFIER",              "Percent", 50);
INSERT INTO GovernorPromotions
	(GovernorPromotionType, Name, Description, Level, Column) VALUES
	("GOVERNOR_PROMOTION_PERSUASIVE_PARTISAN",                        "GOVERNOR_PROMOTION_NAME_PERSUASIVE_PARTISAN", "GOVERNOR_PROMOTION_DESC_PERSUASIVE_PARTISAN", 1, 2);
INSERT INTO GovernorPromotionModifiers
	(GovernorPromotionType, ModifierId) VALUES
	("GOVERNOR_PROMOTION_PERSUASIVE_PARTISAN",                        "GOVERNOR_PROMOTION_PERSUASIVE_PARTISAN_MODIFIER");
INSERT INTO GovernorPromotionSets
	(GovernorType, GovernorPromotion) VALUES
	("GOVERNOR_THE_AMBASSADOR",                                       "GOVERNOR_PROMOTION_PERSUASIVE_PARTISAN");


-- INSPIRATION
-- +1 Influence per district

INSERT INTO Requirements (RequirementId , RequirementType)
	VALUES ('SM_HAS_1_DISTRICTS_RID' , 'REQUIREMENT_CITY_HAS_X_SPECIALTY_DISTRICTS');
INSERT INTO RequirementArguments (RequirementId, Name , Value)
	VALUES ('SM_HAS_1_DISTRICTS_RID' , 'Amount', '1');
INSERT INTO Requirements (RequirementId , RequirementType)
	VALUES ('SM_HAS_2_DISTRICTS_RID' , 'REQUIREMENT_CITY_HAS_X_SPECIALTY_DISTRICTS');
INSERT INTO RequirementArguments (RequirementId, Name , Value)
	VALUES ('SM_HAS_2_DISTRICTS_RID' , 'Amount', '2');
INSERT INTO Requirements (RequirementId , RequirementType)
	VALUES ('SM_HAS_3_DISTRICTS_RID' , 'REQUIREMENT_CITY_HAS_X_SPECIALTY_DISTRICTS');
INSERT INTO RequirementArguments (RequirementId, Name , Value)
	VALUES ('SM_HAS_3_DISTRICTS_RID' , 'Amount', '3');
INSERT INTO Requirements (RequirementId , RequirementType)
	VALUES ('SM_HAS_4_DISTRICTS_RID' , 'REQUIREMENT_CITY_HAS_X_SPECIALTY_DISTRICTS');
INSERT INTO RequirementArguments (RequirementId, Name , Value)
	VALUES ('SM_HAS_4_DISTRICTS_RID' , 'Amount', '4');
INSERT INTO Requirements (RequirementId , RequirementType)
	VALUES ('SM_HAS_5_DISTRICTS_RID' , 'REQUIREMENT_CITY_HAS_X_SPECIALTY_DISTRICTS');
INSERT INTO RequirementArguments (RequirementId, Name , Value)
	VALUES ('SM_HAS_5_DISTRICTS_RID' , 'Amount', '5');
INSERT INTO Requirements (RequirementId , RequirementType)
	VALUES ('SM_HAS_6_DISTRICTS_RID' , 'REQUIREMENT_CITY_HAS_X_SPECIALTY_DISTRICTS');
INSERT INTO RequirementArguments (RequirementId, Name , Value)
	VALUES ('SM_HAS_6_DISTRICTS_RID' , 'Amount', '6');
INSERT INTO Requirements (RequirementId , RequirementType)
	VALUES ('SM_HAS_7_DISTRICTS_RID' , 'REQUIREMENT_CITY_HAS_X_SPECIALTY_DISTRICTS');
INSERT INTO RequirementArguments (RequirementId, Name , Value)
	VALUES ('SM_HAS_7_DISTRICTS_RID' , 'Amount', '7');
INSERT INTO Requirements (RequirementId , RequirementType)
	VALUES ('SM_HAS_8_DISTRICTS_RID' , 'REQUIREMENT_CITY_HAS_X_SPECIALTY_DISTRICTS');
INSERT INTO RequirementArguments (RequirementId, Name , Value)
	VALUES ('SM_HAS_8_DISTRICTS_RID' , 'Amount', '8');
INSERT INTO Requirements (RequirementId , RequirementType)
	VALUES ('SM_HAS_9_DISTRICTS_RID' , 'REQUIREMENT_CITY_HAS_X_SPECIALTY_DISTRICTS');
INSERT INTO RequirementArguments (RequirementId, Name , Value)
	VALUES ('SM_HAS_9_DISTRICTS_RID' , 'Amount', '9');
	
INSERT INTO RequirementSets (RequirementSetId , RequirementSetType)	VALUES 
	('SM_INDUSTRIALIST_REQUIRESET1' , 'REQUIREMENTSET_TEST_ALL'),
	('SM_INDUSTRIALIST_REQUIRESET2' , 'REQUIREMENTSET_TEST_ALL'),
	('SM_INDUSTRIALIST_REQUIRESET3' , 'REQUIREMENTSET_TEST_ALL'),
	('SM_INDUSTRIALIST_REQUIRESET4' , 'REQUIREMENTSET_TEST_ALL'),
	('SM_INDUSTRIALIST_REQUIRESET5' , 'REQUIREMENTSET_TEST_ALL'),
	('SM_INDUSTRIALIST_REQUIRESET6' , 'REQUIREMENTSET_TEST_ALL'),
	('SM_INDUSTRIALIST_REQUIRESET7' , 'REQUIREMENTSET_TEST_ALL'),
	('SM_INDUSTRIALIST_REQUIRESET8' , 'REQUIREMENTSET_TEST_ALL'),
	('SM_INDUSTRIALIST_REQUIRESET9' , 'REQUIREMENTSET_TEST_ALL');

INSERT INTO RequirementSetRequirements (RequirementSetId , RequirementId) VALUES 
	('SM_INDUSTRIALIST_REQUIRESET1' , 'SM_HAS_1_DISTRICTS_RID'),
	('SM_INDUSTRIALIST_REQUIRESET2' , 'SM_HAS_2_DISTRICTS_RID'),
	('SM_INDUSTRIALIST_REQUIRESET3' , 'SM_HAS_3_DISTRICTS_RID'),
	('SM_INDUSTRIALIST_REQUIRESET4' , 'SM_HAS_4_DISTRICTS_RID'),
	('SM_INDUSTRIALIST_REQUIRESET5' , 'SM_HAS_5_DISTRICTS_RID'),
	('SM_INDUSTRIALIST_REQUIRESET6' , 'SM_HAS_6_DISTRICTS_RID'),
	('SM_INDUSTRIALIST_REQUIRESET7' , 'SM_HAS_7_DISTRICTS_RID'),
	('SM_INDUSTRIALIST_REQUIRESET8' , 'SM_HAS_8_DISTRICTS_RID'),
	('SM_INDUSTRIALIST_REQUIRESET9' , 'SM_HAS_9_DISTRICTS_RID');

INSERT INTO Modifiers (ModifierId, ModifierType, SubjectRequirementSetId) VALUES
	('SM_INFLUENCE_FOR_1_DISTRICTS', 'MODIFIER_PLAYER_ADJUST_INFLUENCE_POINTS_PER_TURN', 'SM_INDUSTRIALIST_REQUIRESET1'),
	('SM_INFLUENCE_FOR_2_DISTRICTS', 'MODIFIER_PLAYER_ADJUST_INFLUENCE_POINTS_PER_TURN', 'SM_INDUSTRIALIST_REQUIRESET2'),
	('SM_INFLUENCE_FOR_3_DISTRICTS', 'MODIFIER_PLAYER_ADJUST_INFLUENCE_POINTS_PER_TURN', 'SM_INDUSTRIALIST_REQUIRESET3'),
	('SM_INFLUENCE_FOR_4_DISTRICTS', 'MODIFIER_PLAYER_ADJUST_INFLUENCE_POINTS_PER_TURN', 'SM_INDUSTRIALIST_REQUIRESET4'),
	('SM_INFLUENCE_FOR_5_DISTRICTS', 'MODIFIER_PLAYER_ADJUST_INFLUENCE_POINTS_PER_TURN', 'SM_INDUSTRIALIST_REQUIRESET5'),
	('SM_INFLUENCE_FOR_6_DISTRICTS', 'MODIFIER_PLAYER_ADJUST_INFLUENCE_POINTS_PER_TURN', 'SM_INDUSTRIALIST_REQUIRESET6'),
	('SM_INFLUENCE_FOR_7_DISTRICTS', 'MODIFIER_PLAYER_ADJUST_INFLUENCE_POINTS_PER_TURN', 'SM_INDUSTRIALIST_REQUIRESET7'),
	('SM_INFLUENCE_FOR_8_DISTRICTS', 'MODIFIER_PLAYER_ADJUST_INFLUENCE_POINTS_PER_TURN', 'SM_INDUSTRIALIST_REQUIRESET8'),
	('SM_INFLUENCE_FOR_9_DISTRICTS', 'MODIFIER_PLAYER_ADJUST_INFLUENCE_POINTS_PER_TURN', 'SM_INDUSTRIALIST_REQUIRESET9');

INSERT INTO ModifierArguments (ModifierId , Name , Value) VALUES
	('SM_INFLUENCE_FOR_1_DISTRICTS', 'Amount', '1'),
	('SM_INFLUENCE_FOR_2_DISTRICTS', 'Amount', '1'),
	('SM_INFLUENCE_FOR_3_DISTRICTS', 'Amount', '1'),
	('SM_INFLUENCE_FOR_4_DISTRICTS', 'Amount', '1'),
	('SM_INFLUENCE_FOR_5_DISTRICTS', 'Amount', '1'),
	('SM_INFLUENCE_FOR_6_DISTRICTS', 'Amount', '1'),
	('SM_INFLUENCE_FOR_7_DISTRICTS', 'Amount', '1'),
	('SM_INFLUENCE_FOR_8_DISTRICTS', 'Amount', '1'),
	('SM_INFLUENCE_FOR_9_DISTRICTS', 'Amount', '1');

INSERT INTO Types (Type, Kind) VALUES ('GOVERNOR_PROMOTION_INSPIRATION', 'KIND_GOVERNOR_PROMOTION');

INSERT INTO GovernorPromotionSets (GovernorType, GovernorPromotion) VALUES 
	('GOVERNOR_THE_AMBASSADOR', 'GOVERNOR_PROMOTION_INSPIRATION');
	
INSERT INTO GovernorPromotions (GovernorPromotionType, Name, Description, Level, Column, BaseAbility) VALUES
	('GOVERNOR_PROMOTION_INSPIRATION', 'GOVERNOR_PROMOTION_INSPIRATION_NAME', 'GOVERNOR_PROMOTION_INSPIRATION_DESCRIPTION', 2, 1, 0);
	
INSERT INTO GovernorPromotionModifiers (GovernorPromotionType, ModifierId) VALUES
	('GOVERNOR_PROMOTION_INSPIRATION', 'SM_INFLUENCE_FOR_1_DISTRICTS'),
	('GOVERNOR_PROMOTION_INSPIRATION', 'SM_INFLUENCE_FOR_2_DISTRICTS'),
	('GOVERNOR_PROMOTION_INSPIRATION', 'SM_INFLUENCE_FOR_3_DISTRICTS'),
	('GOVERNOR_PROMOTION_INSPIRATION', 'SM_INFLUENCE_FOR_4_DISTRICTS'),
	('GOVERNOR_PROMOTION_INSPIRATION', 'SM_INFLUENCE_FOR_5_DISTRICTS'),
	('GOVERNOR_PROMOTION_INSPIRATION', 'SM_INFLUENCE_FOR_6_DISTRICTS'),
	('GOVERNOR_PROMOTION_INSPIRATION', 'SM_INFLUENCE_FOR_7_DISTRICTS'),
	('GOVERNOR_PROMOTION_INSPIRATION', 'SM_INFLUENCE_FOR_8_DISTRICTS'),
	('GOVERNOR_PROMOTION_INSPIRATION', 'SM_INFLUENCE_FOR_9_DISTRICTS');

-- Adjust dependencies
INSERT INTO GovernorPromotionPrereqs (GovernorPromotionType, PrereqGovernorPromotion) VALUES
		('GOVERNOR_PROMOTION_AMBASSADOR_AFFLUENCE', 'GOVERNOR_PROMOTION_AMBASSADOR_MESSENGER'),
		('GOVERNOR_PROMOTION_PERSUASIVE_PARTISAN', 'GOVERNOR_PROMOTION_AMBASSADOR_MESSENGER'),
		('GOVERNOR_PROMOTION_INSPIRATION', 'GOVERNOR_PROMOTION_AMBASSADOR_AFFLUENCE'),
		('GOVERNOR_PROMOTION_INSPIRATION', 'GOVERNOR_PROMOTION_PERSUASIVE_PARTISAN'),
		('GOVERNOR_PROMOTION_AMBASSADOR_PUPPETEER', 'GOVERNOR_PROMOTION_INSPIRATION'),
		('GOVERNOR_PROMOTION_AMBASSADOR_EMISSARY', 'GOVERNOR_PROMOTION_INSPIRATION');
UPDATE GovernorPromotions SET Level=1, Column=0 WHERE GovernorPromotionType='GOVERNOR_PROMOTION_AMBASSADOR_AFFLUENCE';
UPDATE GovernorPromotions SET Level=3, Column=0 WHERE GovernorPromotionType='GOVERNOR_PROMOTION_AMBASSADOR_PUPPETEER';
UPDATE GovernorPromotions SET Level=1, Column=2 WHERE GovernorPromotionType='GOVERNOR_PROMOTION_PERSUASIVE_PARTISAN';
UPDATE GovernorPromotions SET Level=3, Column=2 WHERE GovernorPromotionType='GOVERNOR_PROMOTION_AMBASSADOR_EMISSARY';

-- Buff Emissary
UPDATE ModifierArguments SET Value='4' WHERE ModifierId='EMISSARY_IDENTITY_PRESSURE_TO_FOREIGN_CITIES' AND Name='Amount';

-- Move Prestige to vector
UPDATE GovernorPromotionSets SET GovernorType='GOVERNOR_THE_DEFENDER' WHERE GovernorPromotion='GOVERNOR_PROMOTION_AMBASSADOR_PRESTIGE';
UPDATE GovernorPromotions SET Level=1, Column=1 WHERE GovernorPromotionType='GOVERNOR_PROMOTION_AMBASSADOR_PRESTIGE';
--DELETE FROM GovernorPromotionPrereqs WHERE GovernorPromotionType='GOVERNOR_PROMOTION_AMBASSADOR_PRESTIGE' OR PrereqGovernorPromotion='GOVERNOR_PROMOTION_AMBASSADOR_PRESTIGE';

--============================================
--******			Vector				******
--============================================

-- Start clean
DELETE FROM GovernorPromotionPrereqs WHERE GovernorPromotionType IN 
		('GOVERNOR_PROMOTION_AIR_DEFENSE_INITIATIVE','GOVERNOR_PROMOTION_DEFENSE_LOGISTICS'
		,'GOVERNOR_PROMOTION_EMBRASURE','GOVERNOR_PROMOTION_GARRISON_COMMANDER'
		,'GOVERNOR_PROMOTION_SECURITY_EXPERT');

-- Adjust dependencies
INSERT INTO GovernorPromotionPrereqs (GovernorPromotionType, PrereqGovernorPromotion)
	VALUES
		('GOVERNOR_PROMOTION_GARRISON_COMMANDER', 'GOVERNOR_PROMOTION_REDOUBT'),
		('GOVERNOR_PROMOTION_AMBASSADOR_PRESTIGE', 'GOVERNOR_PROMOTION_REDOUBT'),
		('GOVERNOR_PROMOTION_SECURITY_EXPERT', 'GOVERNOR_PROMOTION_AMBASSADOR_PRESTIGE'),
		('GOVERNOR_PROMOTION_EMBRASURE', 'GOVERNOR_PROMOTION_GARRISON_COMMANDER'),
		('GOVERNOR_PROMOTION_AIR_DEFENSE_INITIATIVE', 'GOVERNOR_PROMOTION_SECURITY_EXPERT'),
		('GOVERNOR_PROMOTION_AIR_DEFENSE_INITIATIVE', 'GOVERNOR_PROMOTION_EMBRASURE');
UPDATE GovernorPromotions SET Level=1, Column=0 WHERE GovernorPromotionType='GOVERNOR_PROMOTION_GARRISON_COMMANDER';
UPDATE GovernorPromotions SET Level=2, Column=0 WHERE GovernorPromotionType='GOVERNOR_PROMOTION_EMBRASURE';
UPDATE GovernorPromotions SET Level=1, Column=2 WHERE GovernorPromotionType='GOVERNOR_PROMOTION_AMBASSADOR_PRESTIGE';
UPDATE GovernorPromotions SET Level=2, Column=2 WHERE GovernorPromotionType='GOVERNOR_PROMOTION_SECURITY_EXPERT';
UPDATE GovernorPromotions SET Level=3, Column=1 WHERE GovernorPromotionType='GOVERNOR_PROMOTION_AIR_DEFENSE_INITIATIVE';

-- Buff Prestige
UPDATE ModifierArguments SET Value='4' WHERE ModifierId='PRESTIGE_IDENTITY_PRESSURE_TO_DOMESTIC_CITIES' AND Name='Amount';

-- +12 Loyality to Victor
UPDATE Governors SET IdentityPressure=12 WHERE GovernorType='GOVERNOR_THE_DEFENDER';

-- Remove and Merge Logistics
DELETE FROM GovernorPromotionSets WHERE GovernorPromotion='GOVERNOR_PROMOTION_DEFENSE_LOGISTICS';
UPDATE GovernorPromotionModifiers SET GovernorPromotionType='GOVERNOR_PROMOTION_EMBRASURE' WHERE GovernorPromotionType='GOVERNOR_PROMOTION_DEFENSE_LOGISTICS';