<GovernorPromotionModifiers>
	<Row GovernorPromotionType="GOVERNOR_PROMOTION_INSPIRATION"
   		ModifierId="SM_INFLUENCE_FOR_1_DISTRICTS"/>
	<Row GovernorPromotionType="GOVERNOR_PROMOTION_INSPIRATION"
   		ModifierId="SM_INFLUENCE_FOR_2_DISTRICTS"/>
	<Row GovernorPromotionType="GOVERNOR_PROMOTION_INSPIRATION"
   		ModifierId="SM_INFLUENCE_FOR_3_DISTRICTS"/>
	<Row GovernorPromotionType="GOVERNOR_PROMOTION_INSPIRATION"
   		ModifierId="SM_INFLUENCE_FOR_4_DISTRICTS"/>
	<Row GovernorPromotionType="GOVERNOR_PROMOTION_INSPIRATION"
   		ModifierId="SM_INFLUENCE_FOR_5_DISTRICTS"/>
	<Row GovernorPromotionType="GOVERNOR_PROMOTION_INSPIRATION"
   		ModifierId="SM_INFLUENCE_FOR_6_DISTRICTS"/>
	<Row GovernorPromotionType="GOVERNOR_PROMOTION_INSPIRATION"
   		ModifierId="SM_INFLUENCE_FOR_7_DISTRICTS"/>
	<Row GovernorPromotionType="GOVERNOR_PROMOTION_INSPIRATION"
   		ModifierId="SM_INFLUENCE_FOR_8_DISTRICTS"/>
	<Row GovernorPromotionType="GOVERNOR_PROMOTION_INSPIRATION"
   		ModifierId="SM_INFLUENCE_FOR_9_DISTRICTS"/>
</GovernorPromotionModifiers>
<Modifiers>
	<Row ModifierId="SM_INFLUENCE_FOR_1_DISTRICTS"
   		ModifierType="MODIFIER_PLAYER_ADJUST_INFLUENCE_POINTS_PER_TURN"
   		SubjectRequirementSetId="SM_INDUSTRIALIST_REQUIRESET1"/>
	<Row ModifierId="SM_INFLUENCE_FOR_2_DISTRICTS"
   		ModifierType="MODIFIER_PLAYER_ADJUST_INFLUENCE_POINTS_PER_TURN"
   		SubjectRequirementSetId="SM_INDUSTRIALIST_REQUIRESET2"/>
	<Row ModifierId="SM_INFLUENCE_FOR_3_DISTRICTS"
   		ModifierType="MODIFIER_PLAYER_ADJUST_INFLUENCE_POINTS_PER_TURN"
   		SubjectRequirementSetId="SM_INDUSTRIALIST_REQUIRESET3"/>
	<Row ModifierId="SM_INFLUENCE_FOR_4_DISTRICTS"
   		ModifierType="MODIFIER_PLAYER_ADJUST_INFLUENCE_POINTS_PER_TURN"
   		SubjectRequirementSetId="SM_INDUSTRIALIST_REQUIRESET4"/>
	<Row ModifierId="SM_INFLUENCE_FOR_5_DISTRICTS"
   		ModifierType="MODIFIER_PLAYER_ADJUST_INFLUENCE_POINTS_PER_TURN"
   		SubjectRequirementSetId="SM_INDUSTRIALIST_REQUIRESET5"/>
	<Row ModifierId="SM_INFLUENCE_FOR_6_DISTRICTS"
   		ModifierType="MODIFIER_PLAYER_ADJUST_INFLUENCE_POINTS_PER_TURN"
   		SubjectRequirementSetId="SM_INDUSTRIALIST_REQUIRESET6"/>
	<Row ModifierId="SM_INFLUENCE_FOR_7_DISTRICTS"
   		ModifierType="MODIFIER_PLAYER_ADJUST_INFLUENCE_POINTS_PER_TURN"
   		SubjectRequirementSetId="SM_INDUSTRIALIST_REQUIRESET7"/>
	<Row ModifierId="SM_INFLUENCE_FOR_8_DISTRICTS"
   		ModifierType="MODIFIER_PLAYER_ADJUST_INFLUENCE_POINTS_PER_TURN"
   		SubjectRequirementSetId="SM_INDUSTRIALIST_REQUIRESET8"/>
	<Row ModifierId="SM_INFLUENCE_FOR_9_DISTRICTS"
   		ModifierType="MODIFIER_PLAYER_ADJUST_INFLUENCE_POINTS_PER_TURN"
   		SubjectRequirementSetId="SM_INDUSTRIALIST_REQUIRESET9"/>
</Modifiers>
<ModifierArguments>
	<Row ModifierId="SM_INFLUENCE_FOR_1_DISTRICTS"
   		Name="Amount"
   		Value="1"/>
	<Row ModifierId="SM_INFLUENCE_FOR_2_DISTRICTS"
   		Name="Amount"
   		Value="1"/>
	<Row ModifierId="SM_INFLUENCE_FOR_3_DISTRICTS"
   		Name="Amount"
   		Value="1"/>
	<Row ModifierId="SM_INFLUENCE_FOR_4_DISTRICTS"
   		Name="Amount"
   		Value="1"/>
	<Row ModifierId="SM_INFLUENCE_FOR_5_DISTRICTS"
   		Name="Amount"
   		Value="1"/>
	<Row ModifierId="SM_INFLUENCE_FOR_6_DISTRICTS"
   		Name="Amount"
   		Value="1"/>
	<Row ModifierId="SM_INFLUENCE_FOR_7_DISTRICTS"
   		Name="Amount"
   		Value="1"/>
	<Row ModifierId="SM_INFLUENCE_FOR_8_DISTRICTS"
   		Name="Amount"
   		Value="1"/>
	<Row ModifierId="SM_INFLUENCE_FOR_9_DISTRICTS"
   		Name="Amount"
   		Value="1"/>
</ModifierArguments>
<RequirementSets>
	<Row RequirementSetId="SM_INDUSTRIALIST_REQUIRESET1"
   		RequirementSetType="REQUIREMENTSET_TEST_ALL"/>
	<Row RequirementSetId="SM_INDUSTRIALIST_REQUIRESET2"
   		RequirementSetType="REQUIREMENTSET_TEST_ALL"/>
	<Row RequirementSetId="SM_INDUSTRIALIST_REQUIRESET3"
   		RequirementSetType="REQUIREMENTSET_TEST_ALL"/>
	<Row RequirementSetId="SM_INDUSTRIALIST_REQUIRESET4"
   		RequirementSetType="REQUIREMENTSET_TEST_ALL"/>
	<Row RequirementSetId="SM_INDUSTRIALIST_REQUIRESET5"
   		RequirementSetType="REQUIREMENTSET_TEST_ALL"/>
	<Row RequirementSetId="SM_INDUSTRIALIST_REQUIRESET6"
   		RequirementSetType="REQUIREMENTSET_TEST_ALL"/>
	<Row RequirementSetId="SM_INDUSTRIALIST_REQUIRESET7"
   		RequirementSetType="REQUIREMENTSET_TEST_ALL"/>
	<Row RequirementSetId="SM_INDUSTRIALIST_REQUIRESET8"
   		RequirementSetType="REQUIREMENTSET_TEST_ALL"/>
	<Row RequirementSetId="SM_INDUSTRIALIST_REQUIRESET9"
   		RequirementSetType="REQUIREMENTSET_TEST_ALL"/>
</RequirementSets>
<RequirementSetRequirements>
	<Row RequirementSetId="SM_INDUSTRIALIST_REQUIRESET1"
   		RequirementId="SM_HAS_1_DISTRICTS_RID"/>
	<Row RequirementSetId="SM_INDUSTRIALIST_REQUIRESET2"
   		RequirementId="SM_HAS_2_DISTRICTS_RID"/>
	<Row RequirementSetId="SM_INDUSTRIALIST_REQUIRESET3"
   		RequirementId="SM_HAS_3_DISTRICTS_RID"/>
	<Row RequirementSetId="SM_INDUSTRIALIST_REQUIRESET4"
   		RequirementId="SM_HAS_4_DISTRICTS_RID"/>
	<Row RequirementSetId="SM_INDUSTRIALIST_REQUIRESET5"
   		RequirementId="SM_HAS_5_DISTRICTS_RID"/>
	<Row RequirementSetId="SM_INDUSTRIALIST_REQUIRESET6"
   		RequirementId="SM_HAS_6_DISTRICTS_RID"/>
	<Row RequirementSetId="SM_INDUSTRIALIST_REQUIRESET7"
   		RequirementId="SM_HAS_7_DISTRICTS_RID"/>
	<Row RequirementSetId="SM_INDUSTRIALIST_REQUIRESET8"
   		RequirementId="SM_HAS_8_DISTRICTS_RID"/>
	<Row RequirementSetId="SM_INDUSTRIALIST_REQUIRESET9"
   		RequirementId="SM_HAS_9_DISTRICTS_RID"/>
</RequirementSetRequirements>
<Modifiers>
	<Row>
		<ModifierId>EPSTWEAK_MAGNUS_SETTLER_PRODUCTION</ModifierId>
		<ModifierType>MODIFIER_PLAYER_UNITS_ADJUST_UNIT_PRODUCTION</ModifierType>
	</Row>
</Modifiers>
<ModifierArguments>
	<Row>
		<ModifierId>EPSTWEAK_MAGNUS_SETTLER_PRODUCTION</ModifierId>
		<Name>UnitType</Name>
		<Value>UNIT_SETTLER</Value>
	</Row>
	<Row>
		<ModifierId>EPSTWEAK_MAGNUS_SETTLER_PRODUCTION</ModifierId>
		<Name>Amount</Name>
		<Value>50</Value>
	</Row>
</ModifierArguments>
<GovernorPromotionModifiers>
	<Delete GovernorPromotionType="GOVERNOR_PROMOTION_RESOURCE_MANAGER_INDUSTRIALIST"/>
	<Row GovernorPromotionType="GOVERNOR_PROMOTION_RESOURCE_MANAGER_INDUSTRIALIST"
   		ModifierId="SM_PRODUCTION_WONDER_CONSTRUCTION"/>
</GovernorPromotionModifiers>
<Modifiers>
	<Row ModifierId="SM_PRODUCTION_WONDER_CONSTRUCTION"
   		ModifierType="MODIFIER_SINGLE_CITY_ADJUST_WONDER_PRODUCTION"/>
</Modifiers>
<ModifierArguments>
	<Row ModifierId="SM_PRODUCTION_WONDER_CONSTRUCTION"
   		Name="Amount"
   		Value="20"/>
</ModifierArguments>
<GovernorPromotionModifiers>
	<Delete GovernorPromotionType="GOVERNOR_PROMOTION_MERCHANT_LAND_ACQUISITION"/>
	<Row GovernorPromotionType="GOVERNOR_PROMOTION_MERCHANT_LAND_ACQUISITION"
   		ModifierId="LAND_ACQUISITION_FASTER_PLOT_ANNEXING"/>
	<Row GovernorPromotionType="GOVERNOR_PROMOTION_MERCHANT_LAND_ACQUISITION"
   		ModifierId="SM_LAND_ACQUISITION_CHEAPER_PLOT_COSTS"/>
</GovernorPromotionModifiers>
<Modifiers>
	<Row ModifierId="SM_LAND_ACQUISITION_CHEAPER_PLOT_COSTS"
   		ModifierType="MODIFIER_PLAYER_CITIES_ADJUST_PLOT_PURCHASE_COST"/>
</Modifiers>
<ModifierArguments>
	<Row ModifierId="SM_LAND_ACQUISITION_CHEAPER_PLOT_COSTS"
   		Name="Amount"
   		Value="-20"/>
</ModifierArguments>
<!-- reyna -->
<GovernorPromotionModifiers>
	<Row GovernorPromotionType="GOVERNOR_PROMOTION_GOLD_TIER3"
   		ModifierId="BONUS_GOLD_TO_INCOMING_FOREIGN_TRADE"/>
	<Row GovernorPromotionType="GOVERNOR_PROMOTION_GOLD_TIER3"
   		ModifierId="BONUS_GOLD_FROM_INCOMING_FOREIGN_TRADE"/>
</GovernorPromotionModifiers>
<Modifiers>
	<Row ModifierId="BONUS_GOLD_TO_INCOMING_FOREIGN_TRADE"
   		ModifierType="MODIFIER_SINGLE_CITY_ADJUST_TRADE_ROUTE_YIELD_TO_OTHERS"/>
	<Row ModifierId="BONUS_GOLD_FROM_INCOMING_FOREIGN_TRADE"
   		ModifierType="MODIFIER_SINGLE_CITY_ADJUST_TRADE_ROUTE_YIELD_FROM_OTHERS"/>
</Modifiers>
<ModifierArguments>
	<Row ModifierId="BONUS_GOLD_TO_INCOMING_FOREIGN_TRADE"
   		Name="Amount"
   		Value="4"/>
	<Row ModifierId="BONUS_GOLD_TO_INCOMING_FOREIGN_TRADE"
   		Name="YieldType"
   		Value="YIELD_GOLD"/>
	<Row ModifierId="BONUS_GOLD_FROM_INCOMING_FOREIGN_TRADE"
   		Name="Amount"
   		Value="4"/>
	<Row ModifierId="BONUS_GOLD_FROM_INCOMING_FOREIGN_TRADE"
   		Name="YieldType"
   		Value="YIELD_GOLD"/>
</ModifierArguments>