--==============================================================
--******				G O V E R N O R S				  ******
--==============================================================

--============================================
--******			Amany				******
--============================================

-- Start clean
DELETE FROM GovernorPromotionPrereqs WHERE GovernorPromotionType LIKE '%AMBASSADOR%' AND NOT GovernorPromotionType LIKE '%_PROMOTER%';

-- Persuasive Partisan
-- -50% Levy Army Cost in Current City-State.
INSERT INTO Types
	(Type, Kind)
VALUES
	("GOVERNOR_PROMOTION_PERSUASIVE_PARTISAN", "KIND_GOVERNOR_PROMOTION"),
	("GOVERNOR_PROMOTION_PERSUASIVE_PARTISAN_MODIFIER", "KIND_MODIFIER");
INSERT INTO Modifiers
	( ModifierId, ModifierType)
VALUES
	( "GOVERNOR_PROMOTION_PERSUASIVE_PARTISAN_MODIFIER", "MODIFIER_PLAYER_ADJUST_LEVY_DISCOUNT_PERCENT");
INSERT INTO ModifierArguments
	( ModifierId, Name, Value)
VALUES
	( "GOVERNOR_PROMOTION_PERSUASIVE_PARTISAN_MODIFIER", "Percent", 50);
INSERT INTO GovernorPromotions
	(GovernorPromotionType, Name, Description, Level, Column)
VALUES
	("GOVERNOR_PROMOTION_PERSUASIVE_PARTISAN", "GOVERNOR_PROMOTION_NAME_PERSUASIVE_PARTISAN", "GOVERNOR_PROMOTION_DESC_PERSUASIVE_PARTISAN", 1, 2);
INSERT INTO GovernorPromotionModifiers
	(GovernorPromotionType, ModifierId)
VALUES
	("GOVERNOR_PROMOTION_PERSUASIVE_PARTISAN", "GOVERNOR_PROMOTION_PERSUASIVE_PARTISAN_MODIFIER");
INSERT INTO GovernorPromotionSets
	(GovernorType, GovernorPromotion)
VALUES
	("GOVERNOR_THE_AMBASSADOR", "GOVERNOR_PROMOTION_PERSUASIVE_PARTISAN");


-- INSPIRATION
-- +1 Influence per district

INSERT INTO Requirements
	(RequirementId , RequirementType)
VALUES
	('SM_HAS_1_DISTRICTS_RID' , 'REQUIREMENT_CITY_HAS_X_SPECIALTY_DISTRICTS');
INSERT INTO RequirementArguments
	(RequirementId, Name , Value)
VALUES
	('SM_HAS_1_DISTRICTS_RID' , 'Amount', '1');
INSERT INTO Requirements
	(RequirementId , RequirementType)
VALUES
	('SM_HAS_2_DISTRICTS_RID' , 'REQUIREMENT_CITY_HAS_X_SPECIALTY_DISTRICTS');
INSERT INTO RequirementArguments
	(RequirementId, Name , Value)
VALUES
	('SM_HAS_2_DISTRICTS_RID' , 'Amount', '2');
INSERT INTO Requirements
	(RequirementId , RequirementType)
VALUES
	('SM_HAS_3_DISTRICTS_RID' , 'REQUIREMENT_CITY_HAS_X_SPECIALTY_DISTRICTS');
INSERT INTO RequirementArguments
	(RequirementId, Name , Value)
VALUES
	('SM_HAS_3_DISTRICTS_RID' , 'Amount', '3');
INSERT INTO Requirements
	(RequirementId , RequirementType)
VALUES
	('SM_HAS_4_DISTRICTS_RID' , 'REQUIREMENT_CITY_HAS_X_SPECIALTY_DISTRICTS');
INSERT INTO RequirementArguments
	(RequirementId, Name , Value)
VALUES
	('SM_HAS_4_DISTRICTS_RID' , 'Amount', '4');
INSERT INTO Requirements
	(RequirementId , RequirementType)
VALUES
	('SM_HAS_5_DISTRICTS_RID' , 'REQUIREMENT_CITY_HAS_X_SPECIALTY_DISTRICTS');
INSERT INTO RequirementArguments
	(RequirementId, Name , Value)
VALUES
	('SM_HAS_5_DISTRICTS_RID' , 'Amount', '5');
INSERT INTO Requirements
	(RequirementId , RequirementType)
VALUES
	('SM_HAS_6_DISTRICTS_RID' , 'REQUIREMENT_CITY_HAS_X_SPECIALTY_DISTRICTS');
INSERT INTO RequirementArguments
	(RequirementId, Name , Value)
VALUES
	('SM_HAS_6_DISTRICTS_RID' , 'Amount', '6');
INSERT INTO Requirements
	(RequirementId , RequirementType)
VALUES
	('SM_HAS_7_DISTRICTS_RID' , 'REQUIREMENT_CITY_HAS_X_SPECIALTY_DISTRICTS');
INSERT INTO RequirementArguments
	(RequirementId, Name , Value)
VALUES
	('SM_HAS_7_DISTRICTS_RID' , 'Amount', '7');
INSERT INTO Requirements
	(RequirementId , RequirementType)
VALUES
	('SM_HAS_8_DISTRICTS_RID' , 'REQUIREMENT_CITY_HAS_X_SPECIALTY_DISTRICTS');
INSERT INTO RequirementArguments
	(RequirementId, Name , Value)
VALUES
	('SM_HAS_8_DISTRICTS_RID' , 'Amount', '8');
INSERT INTO Requirements
	(RequirementId , RequirementType)
VALUES
	('SM_HAS_9_DISTRICTS_RID' , 'REQUIREMENT_CITY_HAS_X_SPECIALTY_DISTRICTS');
INSERT INTO RequirementArguments
	(RequirementId, Name , Value)
VALUES
	('SM_HAS_9_DISTRICTS_RID' , 'Amount', '9');

INSERT INTO RequirementSets
	(RequirementSetId , RequirementSetType)
VALUES
	('SM_INDUSTRIALIST_REQUIRESET1' , 'REQUIREMENTSET_TEST_ALL'),
	('SM_INDUSTRIALIST_REQUIRESET2' , 'REQUIREMENTSET_TEST_ALL'),
	('SM_INDUSTRIALIST_REQUIRESET3' , 'REQUIREMENTSET_TEST_ALL'),
	('SM_INDUSTRIALIST_REQUIRESET4' , 'REQUIREMENTSET_TEST_ALL'),
	('SM_INDUSTRIALIST_REQUIRESET5' , 'REQUIREMENTSET_TEST_ALL'),
	('SM_INDUSTRIALIST_REQUIRESET6' , 'REQUIREMENTSET_TEST_ALL'),
	('SM_INDUSTRIALIST_REQUIRESET7' , 'REQUIREMENTSET_TEST_ALL'),
	('SM_INDUSTRIALIST_REQUIRESET8' , 'REQUIREMENTSET_TEST_ALL'),
	('SM_INDUSTRIALIST_REQUIRESET9' , 'REQUIREMENTSET_TEST_ALL');

INSERT INTO RequirementSetRequirements
	(RequirementSetId , RequirementId)
VALUES
	('SM_INDUSTRIALIST_REQUIRESET1' , 'SM_HAS_1_DISTRICTS_RID'),
	('SM_INDUSTRIALIST_REQUIRESET2' , 'SM_HAS_2_DISTRICTS_RID'),
	('SM_INDUSTRIALIST_REQUIRESET3' , 'SM_HAS_3_DISTRICTS_RID'),
	('SM_INDUSTRIALIST_REQUIRESET4' , 'SM_HAS_4_DISTRICTS_RID'),
	('SM_INDUSTRIALIST_REQUIRESET5' , 'SM_HAS_5_DISTRICTS_RID'),
	('SM_INDUSTRIALIST_REQUIRESET6' , 'SM_HAS_6_DISTRICTS_RID'),
	('SM_INDUSTRIALIST_REQUIRESET7' , 'SM_HAS_7_DISTRICTS_RID'),
	('SM_INDUSTRIALIST_REQUIRESET8' , 'SM_HAS_8_DISTRICTS_RID'),
	('SM_INDUSTRIALIST_REQUIRESET9' , 'SM_HAS_9_DISTRICTS_RID');

INSERT INTO Modifiers
	(ModifierId, ModifierType, SubjectRequirementSetId)
VALUES
	('SM_INFLUENCE_FOR_1_DISTRICTS', 'MODIFIER_PLAYER_ADJUST_INFLUENCE_POINTS_PER_TURN', 'SM_INDUSTRIALIST_REQUIRESET1'),
	('SM_INFLUENCE_FOR_2_DISTRICTS', 'MODIFIER_PLAYER_ADJUST_INFLUENCE_POINTS_PER_TURN', 'SM_INDUSTRIALIST_REQUIRESET2'),
	('SM_INFLUENCE_FOR_3_DISTRICTS', 'MODIFIER_PLAYER_ADJUST_INFLUENCE_POINTS_PER_TURN', 'SM_INDUSTRIALIST_REQUIRESET3'),
	('SM_INFLUENCE_FOR_4_DISTRICTS', 'MODIFIER_PLAYER_ADJUST_INFLUENCE_POINTS_PER_TURN', 'SM_INDUSTRIALIST_REQUIRESET4'),
	('SM_INFLUENCE_FOR_5_DISTRICTS', 'MODIFIER_PLAYER_ADJUST_INFLUENCE_POINTS_PER_TURN', 'SM_INDUSTRIALIST_REQUIRESET5'),
	('SM_INFLUENCE_FOR_6_DISTRICTS', 'MODIFIER_PLAYER_ADJUST_INFLUENCE_POINTS_PER_TURN', 'SM_INDUSTRIALIST_REQUIRESET6'),
	('SM_INFLUENCE_FOR_7_DISTRICTS', 'MODIFIER_PLAYER_ADJUST_INFLUENCE_POINTS_PER_TURN', 'SM_INDUSTRIALIST_REQUIRESET7'),
	('SM_INFLUENCE_FOR_8_DISTRICTS', 'MODIFIER_PLAYER_ADJUST_INFLUENCE_POINTS_PER_TURN', 'SM_INDUSTRIALIST_REQUIRESET8'),
	('SM_INFLUENCE_FOR_9_DISTRICTS', 'MODIFIER_PLAYER_ADJUST_INFLUENCE_POINTS_PER_TURN', 'SM_INDUSTRIALIST_REQUIRESET9');

INSERT INTO ModifierArguments
	(ModifierId , Name , Value)
VALUES
	('SM_INFLUENCE_FOR_1_DISTRICTS', 'Amount', '1'),
	('SM_INFLUENCE_FOR_2_DISTRICTS', 'Amount', '1'),
	('SM_INFLUENCE_FOR_3_DISTRICTS', 'Amount', '1'),
	('SM_INFLUENCE_FOR_4_DISTRICTS', 'Amount', '1'),
	('SM_INFLUENCE_FOR_5_DISTRICTS', 'Amount', '1'),
	('SM_INFLUENCE_FOR_6_DISTRICTS', 'Amount', '1'),
	('SM_INFLUENCE_FOR_7_DISTRICTS', 'Amount', '1'),
	('SM_INFLUENCE_FOR_8_DISTRICTS', 'Amount', '1'),
	('SM_INFLUENCE_FOR_9_DISTRICTS', 'Amount', '1');

INSERT INTO Types
	(Type, Kind)
VALUES
	('GOVERNOR_PROMOTION_INSPIRATION', 'KIND_GOVERNOR_PROMOTION');

INSERT INTO GovernorPromotionSets
	(GovernorType, GovernorPromotion)
VALUES
	('GOVERNOR_THE_AMBASSADOR', 'GOVERNOR_PROMOTION_INSPIRATION');

INSERT INTO GovernorPromotions
	(GovernorPromotionType, Name, Description, Level, Column, BaseAbility)
VALUES
	('GOVERNOR_PROMOTION_INSPIRATION', 'GOVERNOR_PROMOTION_INSPIRATION_NAME', 'GOVERNOR_PROMOTION_INSPIRATION_DESCRIPTION', 2, 1, 0);

INSERT INTO GovernorPromotionModifiers
	(GovernorPromotionType, ModifierId)
VALUES
	('GOVERNOR_PROMOTION_INSPIRATION', 'SM_INFLUENCE_FOR_1_DISTRICTS'),
	('GOVERNOR_PROMOTION_INSPIRATION', 'SM_INFLUENCE_FOR_2_DISTRICTS'),
	('GOVERNOR_PROMOTION_INSPIRATION', 'SM_INFLUENCE_FOR_3_DISTRICTS'),
	('GOVERNOR_PROMOTION_INSPIRATION', 'SM_INFLUENCE_FOR_4_DISTRICTS'),
	('GOVERNOR_PROMOTION_INSPIRATION', 'SM_INFLUENCE_FOR_5_DISTRICTS'),
	('GOVERNOR_PROMOTION_INSPIRATION', 'SM_INFLUENCE_FOR_6_DISTRICTS'),
	('GOVERNOR_PROMOTION_INSPIRATION', 'SM_INFLUENCE_FOR_7_DISTRICTS'),
	('GOVERNOR_PROMOTION_INSPIRATION', 'SM_INFLUENCE_FOR_8_DISTRICTS'),
	('GOVERNOR_PROMOTION_INSPIRATION', 'SM_INFLUENCE_FOR_9_DISTRICTS');

-- Adjust dependencies
INSERT INTO GovernorPromotionPrereqs
	(GovernorPromotionType, PrereqGovernorPromotion)
VALUES
	('GOVERNOR_PROMOTION_AMBASSADOR_AFFLUENCE', 'GOVERNOR_PROMOTION_AMBASSADOR_MESSENGER'),
	('GOVERNOR_PROMOTION_PERSUASIVE_PARTISAN', 'GOVERNOR_PROMOTION_AMBASSADOR_MESSENGER'),
	('GOVERNOR_PROMOTION_INSPIRATION', 'GOVERNOR_PROMOTION_AMBASSADOR_AFFLUENCE'),
	('GOVERNOR_PROMOTION_INSPIRATION', 'GOVERNOR_PROMOTION_PERSUASIVE_PARTISAN'),
	('GOVERNOR_PROMOTION_AMBASSADOR_PUPPETEER', 'GOVERNOR_PROMOTION_INSPIRATION'),
	('GOVERNOR_PROMOTION_AMBASSADOR_EMISSARY', 'GOVERNOR_PROMOTION_INSPIRATION');
UPDATE GovernorPromotions SET Level=1, Column=0 WHERE GovernorPromotionType='GOVERNOR_PROMOTION_AMBASSADOR_AFFLUENCE';
UPDATE GovernorPromotions SET Level=3, Column=0 WHERE GovernorPromotionType='GOVERNOR_PROMOTION_AMBASSADOR_PUPPETEER';
UPDATE GovernorPromotions SET Level=1, Column=2 WHERE GovernorPromotionType='GOVERNOR_PROMOTION_PERSUASIVE_PARTISAN';
UPDATE GovernorPromotions SET Level=3, Column=2 WHERE GovernorPromotionType='GOVERNOR_PROMOTION_AMBASSADOR_EMISSARY';

-- Buff Emissary
UPDATE ModifierArguments SET Value='4' WHERE ModifierId='EMISSARY_IDENTITY_PRESSURE_TO_FOREIGN_CITIES' AND Name='Amount';

-- Move Prestige to vector
UPDATE GovernorPromotionSets SET GovernorType='GOVERNOR_THE_DEFENDER' WHERE GovernorPromotion='GOVERNOR_PROMOTION_AMBASSADOR_PRESTIGE';
UPDATE GovernorPromotions SET Level=1, Column=1 WHERE GovernorPromotionType='GOVERNOR_PROMOTION_AMBASSADOR_PRESTIGE';
--DELETE FROM GovernorPromotionPrereqs WHERE GovernorPromotionType='GOVERNOR_PROMOTION_AMBASSADOR_PRESTIGE' OR PrereqGovernorPromotion='GOVERNOR_PROMOTION_AMBASSADOR_PRESTIGE';
