-- Texts are not imported.

--==============================================================
--******			W O N D E R S  (MAN-MADE)			  ******
--==============================================================

-- Huey gives +2 culture to lake tiles
INSERT INTO BuildingModifiers
	(BuildingType, ModifierId)
VALUES
	('BUILDING_HUEY_TEOCALLI', 'HUEY_LAKE_CULTURE');
INSERT INTO Modifiers
	(ModifierId, ModifierType, SubjectRequirementSetId)
VALUES
	('HUEY_LAKE_CULTURE', 'MODIFIER_ALL_CITIES_ATTACH_MODIFIER', 'FOODHUEY_PLAYER_REQUIREMENTS'),
	('HUEY_LAKE_CULTURE_MODIFIER', 'MODIFIER_CITY_PLOT_YIELDS_ADJUST_PLOT_YIELD', 'FOODHUEY_PLOT_IS_LAKE_REQUIREMENTS');
INSERT INTO ModifierArguments
	(ModifierId, Name, Value)
VALUES
	('HUEY_LAKE_CULTURE', 'ModifierId', 'HUEY_LAKE_CULTURE_MODIFIER'),
	('HUEY_LAKE_CULTURE_MODIFIER', 'Amount', '2'),
	('HUEY_LAKE_CULTURE_MODIFIER', 'YieldType', 'YIELD_CULTURE');
	
-- cristo gets 1 relic
INSERT INTO Modifiers
	(ModifierId , ModifierType , RunOnce , Permanent)
VALUES
	('WONDER_GRANT_RELIC_BBG' , 'MODIFIER_PLAYER_GRANT_RELIC' , 1 , 1);
INSERT INTO ModifierArguments
	(ModifierId , Name , Value)
VALUES
	('WONDER_GRANT_RELIC_BBG' , 'Amount' , '1');
INSERT INTO BuildingModifiers
	(BuildingType, ModifierId)
VALUES
	('BUILDING_CRISTO_REDENTOR', 'WONDER_GRANT_RELIC_BBG');
	
-- Hanging Gardens gives +1 housing to cities within 6 tiles
UPDATE Buildings SET Housing='1' WHERE BuildingType='BUILDING_HANGING_GARDENS';
INSERT INTO BuildingModifiers
	(BuildingType , ModifierId)
VALUES
	('BUILDING_HANGING_GARDENS' , 'HANGING_GARDENS_REGIONAL_HOUSING');
INSERT INTO Modifiers
	(ModifierId , ModifierType, SubjectRequirementSetId)
VALUES
	('HANGING_GARDENS_REGIONAL_HOUSING' , 'MODIFIER_PLAYER_CITIES_ADJUST_BUILDING_HOUSING' , 'HANGING_GARDENS_REGIONAL_HOUSING_REQUIREMENTS');
INSERT INTO ModifierArguments
	(ModifierId , Name , Value)
VALUES
	('HANGING_GARDENS_REGIONAL_HOUSING' , 'Amount' , '1');
INSERT INTO RequirementSets
	(RequirementSetId , RequirementSetType)
VALUES
	('HANGING_GARDENS_REGIONAL_HOUSING_REQUIREMENTS' , 'REQUIREMENTSET_TEST_ANY');
INSERT INTO RequirementSetRequirements
	(RequirementSetId , RequirementId)
VALUES
	('HANGING_GARDENS_REGIONAL_HOUSING_REQUIREMENTS' , 'REQUIRES_PLOT_HAS_HANGING_GARDENS_WITHIN_6');
INSERT INTO Requirements
	(RequirementId , RequirementType)
VALUES
	('REQUIRES_PLOT_HAS_HANGING_GARDENS_WITHIN_6' , 'REQUIREMENT_PLOT_ADJACENT_BUILDING_TYPE_MATCHES');
INSERT INTO RequirementArguments
	(RequirementId , Name , Value)
VALUES
	('REQUIRES_PLOT_HAS_HANGING_GARDENS_WITHIN_6' , 'BuildingType' , 'BUILDING_HANGING_GARDENS');
INSERT INTO RequirementArguments
	(RequirementId , Name , Value)
VALUES
	('REQUIRES_PLOT_HAS_HANGING_GARDENS_WITHIN_6' , 'MaxRange' , '6');
INSERT INTO RequirementArguments
	(RequirementId , Name , Value)
VALUES
	('REQUIRES_PLOT_HAS_HANGING_GARDENS_WITHIN_6' , 'MinRange' , '0');
	
-- Great Library unlocks at Drama & Poetry instead of Recorded History
UPDATE Buildings SET PrereqCivic='CIVIC_DRAMA_POETRY' WHERE BuildingType='BUILDING_GREAT_LIBRARY';

-- Venetian Arsenal gives 100% production boost to all naval units in all cities instead of an extra naval unit in its city each time you build one
DELETE FROM BuildingModifiers WHERE	BuildingType='BUILDING_VENETIAN_ARSENAL';
INSERT INTO Modifiers
	(ModifierId, ModifierType, RunOnce, NewOnly, Permanent)
VALUES
	('ANCIENT_NAVAL_MELEE_PRODUCTION', 'MODIFIER_PLAYER_CITIES_ADJUST_UNIT_TAG_ERA_PRODUCTION', 0, 0, 0);
INSERT INTO ModifierArguments
	(ModifierId, Name, Type, Value)
VALUES
	('ANCIENT_NAVAL_MELEE_PRODUCTION', 'EraType', 'ARGTYPE_IDENTITY', 'ERA_ANCIENT');
INSERT INTO ModifierArguments
	(ModifierId, Name, Type, Value)
VALUES
	('ANCIENT_NAVAL_MELEE_PRODUCTION', 'UnitPromotionClass', 'ARGTYPE_IDENTITY', 'PROMOTION_CLASS_NAVAL_MELEE');
INSERT INTO ModifierArguments
	(ModifierId, Name, Type, Value)
VALUES
	('ANCIENT_NAVAL_MELEE_PRODUCTION', 'Amount', 'ARGTYPE_IDENTITY', '100');
INSERT INTO Modifiers
	(ModifierId, ModifierType, RunOnce, NewOnly, Permanent)
VALUES
	('ATOMIC_NAVAL_MELEE_PRODUCTION', 'MODIFIER_PLAYER_CITIES_ADJUST_UNIT_TAG_ERA_PRODUCTION', 0, 0, 0);
INSERT INTO ModifierArguments
	(ModifierId, Name, Type, Value)
VALUES
	('ATOMIC_NAVAL_MELEE_PRODUCTION', 'EraType', 'ARGTYPE_IDENTITY', 'ERA_ATOMIC');
INSERT INTO ModifierArguments
	(ModifierId, Name, Type, Value)
VALUES
	('ATOMIC_NAVAL_MELEE_PRODUCTION', 'UnitPromotionClass', 'ARGTYPE_IDENTITY', 'PROMOTION_CLASS_NAVAL_MELEE');
INSERT INTO ModifierArguments
	(ModifierId, Name, Type, Value)
VALUES
	('ATOMIC_NAVAL_MELEE_PRODUCTION', 'Amount', 'ARGTYPE_IDENTITY', '100');
INSERT INTO Modifiers
	(ModifierId, ModifierType, RunOnce, NewOnly, Permanent)
VALUES
	('CLASSICAL_NAVAL_MELEE_PRODUCTION', 'MODIFIER_PLAYER_CITIES_ADJUST_UNIT_TAG_ERA_PRODUCTION', 0, 0, 0);
INSERT INTO ModifierArguments
	(ModifierId, Name, Type, Value)
VALUES
	('CLASSICAL_NAVAL_MELEE_PRODUCTION', 'EraType', 'ARGTYPE_IDENTITY', 'ERA_CLASSICAL');
INSERT INTO ModifierArguments
	(ModifierId, Name, Type, Value)
VALUES
	('CLASSICAL_NAVAL_MELEE_PRODUCTION', 'UnitPromotionClass', 'ARGTYPE_IDENTITY', 'PROMOTION_CLASS_NAVAL_MELEE');
INSERT INTO ModifierArguments
	(ModifierId, Name, Type, Value)
VALUES
	('CLASSICAL_NAVAL_MELEE_PRODUCTION', 'Amount', 'ARGTYPE_IDENTITY', '100');
INSERT INTO Modifiers
	(ModifierId, ModifierType, RunOnce, NewOnly, Permanent)
VALUES
	('INDUSTRIAL_NAVAL_MELEE_PRODUCTION', 'MODIFIER_PLAYER_CITIES_ADJUST_UNIT_TAG_ERA_PRODUCTION', 0, 0, 0);
INSERT INTO ModifierArguments
	(ModifierId, Name, Type, Value)
VALUES
	('INDUSTRIAL_NAVAL_MELEE_PRODUCTION', 'EraType', 'ARGTYPE_IDENTITY', 'ERA_INDUSTRIAL');
INSERT INTO ModifierArguments
	(ModifierId, Name, Type, Value)
VALUES
	('INDUSTRIAL_NAVAL_MELEE_PRODUCTION', 'UnitPromotionClass', 'ARGTYPE_IDENTITY', 'PROMOTION_CLASS_NAVAL_MELEE');
INSERT INTO ModifierArguments
	(ModifierId, Name, Type, Value)
VALUES
	('INDUSTRIAL_NAVAL_MELEE_PRODUCTION', 'Amount', 'ARGTYPE_IDENTITY', '100');
INSERT INTO Modifiers
	(ModifierId, ModifierType, RunOnce, NewOnly, Permanent)
VALUES
	('INFORMATION_NAVAL_MELEE_PRODUCTION', 'MODIFIER_PLAYER_CITIES_ADJUST_UNIT_TAG_ERA_PRODUCTION', 0, 0, 0);
INSERT INTO ModifierArguments
	(ModifierId, Name, Type, Value)
VALUES
	('INFORMATION_NAVAL_MELEE_PRODUCTION', 'EraType', 'ARGTYPE_IDENTITY', 'ERA_INFORMATION');
INSERT INTO ModifierArguments
	(ModifierId, Name, Type, Value)
VALUES
	('INFORMATION_NAVAL_MELEE_PRODUCTION', 'UnitPromotionClass', 'ARGTYPE_IDENTITY', 'PROMOTION_CLASS_NAVAL_MELEE');
INSERT INTO ModifierArguments
	(ModifierId, Name, Type, Value)
VALUES
	('INFORMATION_NAVAL_MELEE_PRODUCTION', 'Amount', 'ARGTYPE_IDENTITY', '100');
INSERT INTO Modifiers
	(ModifierId, ModifierType, RunOnce, NewOnly, Permanent)
VALUES
	('MEDIEVAL_NAVAL_MELEE_PRODUCTION', 'MODIFIER_PLAYER_CITIES_ADJUST_UNIT_TAG_ERA_PRODUCTION', 0, 0, 0);
INSERT INTO ModifierArguments
	(ModifierId, Name, Type, Value)
VALUES
	('MEDIEVAL_NAVAL_MELEE_PRODUCTION', 'EraType', 'ARGTYPE_IDENTITY', 'ERA_MEDIEVAL');
INSERT INTO ModifierArguments
	(ModifierId, Name, Type, Value)
VALUES
	('MEDIEVAL_NAVAL_MELEE_PRODUCTION', 'UnitPromotionClass', 'ARGTYPE_IDENTITY', 'PROMOTION_CLASS_NAVAL_MELEE');
INSERT INTO ModifierArguments
	(ModifierId, Name, Type, Value)
VALUES
	('MEDIEVAL_NAVAL_MELEE_PRODUCTION', 'Amount', 'ARGTYPE_IDENTITY', '100');
INSERT INTO Modifiers
	(ModifierId, ModifierType, RunOnce, NewOnly, Permanent)
VALUES
	('MODERN_NAVAL_MELEE_PRODUCTION', 'MODIFIER_PLAYER_CITIES_ADJUST_UNIT_TAG_ERA_PRODUCTION', 0, 0, 0);
INSERT INTO ModifierArguments
	(ModifierId, Name, Type, Value)
VALUES
	('MODERN_NAVAL_MELEE_PRODUCTION', 'EraType', 'ARGTYPE_IDENTITY', 'ERA_MODERN');
INSERT INTO ModifierArguments
	(ModifierId, Name, Type, Value)
VALUES
	('MODERN_NAVAL_MELEE_PRODUCTION', 'UnitPromotionClass', 'ARGTYPE_IDENTITY', 'PROMOTION_CLASS_NAVAL_MELEE');
INSERT INTO ModifierArguments
	(ModifierId, Name, Type, Value)
VALUES
	('MODERN_NAVAL_MELEE_PRODUCTION', 'Amount', 'ARGTYPE_IDENTITY', '100');
INSERT INTO Modifiers
	(ModifierId, ModifierType, RunOnce, NewOnly, Permanent)
VALUES
	('RENAISSANCE_NAVAL_MELEE_PRODUCTION', 'MODIFIER_PLAYER_CITIES_ADJUST_UNIT_TAG_ERA_PRODUCTION', 0, 0, 0);
INSERT INTO ModifierArguments
	(ModifierId, Name, Type, Value)
VALUES
	('RENAISSANCE_NAVAL_MELEE_PRODUCTION', 'EraType', 'ARGTYPE_IDENTITY', 'ERA_RENAISSANCE');
INSERT INTO ModifierArguments
	(ModifierId, Name, Type, Value)
VALUES
	('RENAISSANCE_NAVAL_MELEE_PRODUCTION', 'UnitPromotionClass', 'ARGTYPE_IDENTITY', 'PROMOTION_CLASS_NAVAL_MELEE');
INSERT INTO ModifierArguments
	(ModifierId, Name, Type, Value)
VALUES
	('RENAISSANCE_NAVAL_MELEE_PRODUCTION', 'Amount', 'ARGTYPE_IDENTITY', '100');
INSERT INTO Modifiers
	(ModifierId, ModifierType, RunOnce, NewOnly, Permanent)
VALUES
	('ANCIENT_NAVAL_RANGED_PRODUCTION', 'MODIFIER_PLAYER_CITIES_ADJUST_UNIT_TAG_ERA_PRODUCTION', 0, 0, 0);
INSERT INTO ModifierArguments
	(ModifierId, Name, Type, Value)
VALUES
	('ANCIENT_NAVAL_RANGED_PRODUCTION', 'EraType', 'ARGTYPE_IDENTITY', 'ERA_ANCIENT');
INSERT INTO ModifierArguments
	(ModifierId, Name, Type, Value)
VALUES
	('ANCIENT_NAVAL_RANGED_PRODUCTION', 'UnitPromotionClass', 'ARGTYPE_IDENTITY', 'PROMOTION_CLASS_NAVAL_RANGED');
INSERT INTO ModifierArguments
	(ModifierId, Name, Type, Value)
VALUES
	('ANCIENT_NAVAL_RANGED_PRODUCTION', 'Amount', 'ARGTYPE_IDENTITY', '100');
INSERT INTO Modifiers
	(ModifierId, ModifierType, RunOnce, NewOnly, Permanent)
VALUES
	('ATOMIC_NAVAL_RANGED_PRODUCTION', 'MODIFIER_PLAYER_CITIES_ADJUST_UNIT_TAG_ERA_PRODUCTION', 0, 0, 0);
INSERT INTO ModifierArguments
	(ModifierId, Name, Type, Value)
VALUES
	('ATOMIC_NAVAL_RANGED_PRODUCTION', 'EraType', 'ARGTYPE_IDENTITY', 'ERA_ATOMIC');
INSERT INTO ModifierArguments
	(ModifierId, Name, Type, Value)
VALUES
	('ATOMIC_NAVAL_RANGED_PRODUCTION', 'UnitPromotionClass', 'ARGTYPE_IDENTITY', 'PROMOTION_CLASS_NAVAL_RANGED');
INSERT INTO ModifierArguments
	(ModifierId, Name, Type, Value)
VALUES
	('ATOMIC_NAVAL_RANGED_PRODUCTION', 'Amount', 'ARGTYPE_IDENTITY', '100');
INSERT INTO Modifiers
	(ModifierId, ModifierType, RunOnce, NewOnly, Permanent)
VALUES
	('CLASSICAL_NAVAL_RANGED_PRODUCTION', 'MODIFIER_PLAYER_CITIES_ADJUST_UNIT_TAG_ERA_PRODUCTION', 0, 0, 0);
INSERT INTO ModifierArguments
	(ModifierId, Name, Type, Value)
VALUES
	('CLASSICAL_NAVAL_RANGED_PRODUCTION', 'EraType', 'ARGTYPE_IDENTITY', 'ERA_CLASSICAL');
INSERT INTO ModifierArguments
	(ModifierId, Name, Type, Value)
VALUES
	('CLASSICAL_NAVAL_RANGED_PRODUCTION', 'UnitPromotionClass', 'ARGTYPE_IDENTITY', 'PROMOTION_CLASS_NAVAL_RANGED');
INSERT INTO ModifierArguments
	(ModifierId, Name, Type, Value)
VALUES
	('CLASSICAL_NAVAL_RANGED_PRODUCTION', 'Amount', 'ARGTYPE_IDENTITY', '100');
INSERT INTO Modifiers
	(ModifierId, ModifierType, RunOnce, NewOnly, Permanent)
VALUES
	('INDUSTRIAL_NAVAL_RANGED_PRODUCTION', 'MODIFIER_PLAYER_CITIES_ADJUST_UNIT_TAG_ERA_PRODUCTION', 0, 0, 0);
INSERT INTO ModifierArguments
	(ModifierId, Name, Type, Value)
VALUES
	('INDUSTRIAL_NAVAL_RANGED_PRODUCTION', 'EraType', 'ARGTYPE_IDENTITY', 'ERA_INDUSTRIAL');
INSERT INTO ModifierArguments
	(ModifierId, Name, Type, Value)
VALUES
	('INDUSTRIAL_NAVAL_RANGED_PRODUCTION', 'UnitPromotionClass', 'ARGTYPE_IDENTITY', 'PROMOTION_CLASS_NAVAL_RANGED');
INSERT INTO ModifierArguments
	(ModifierId, Name, Type, Value)
VALUES
	('INDUSTRIAL_NAVAL_RANGED_PRODUCTION', 'Amount', 'ARGTYPE_IDENTITY', '100');
INSERT INTO Modifiers
	(ModifierId, ModifierType, RunOnce, NewOnly, Permanent)
VALUES
	('INFORMATION_NAVAL_RANGED_PRODUCTION', 'MODIFIER_PLAYER_CITIES_ADJUST_UNIT_TAG_ERA_PRODUCTION', 0, 0, 0);
INSERT INTO ModifierArguments
	(ModifierId, Name, Type, Value)
VALUES
	('INFORMATION_NAVAL_RANGED_PRODUCTION', 'EraType', 'ARGTYPE_IDENTITY', 'ERA_INFORMATION');
INSERT INTO ModifierArguments
	(ModifierId, Name, Type, Value)
VALUES
	('INFORMATION_NAVAL_RANGED_PRODUCTION', 'UnitPromotionClass', 'ARGTYPE_IDENTITY', 'PROMOTION_CLASS_NAVAL_RANGED');
INSERT INTO ModifierArguments
	(ModifierId, Name, Type, Value)
VALUES
	('INFORMATION_NAVAL_RANGED_PRODUCTION', 'Amount', 'ARGTYPE_IDENTITY', '100');
INSERT INTO Modifiers
	(ModifierId, ModifierType, RunOnce, NewOnly, Permanent)
VALUES
	('MEDIEVAL_NAVAL_RANGED_PRODUCTION', 'MODIFIER_PLAYER_CITIES_ADJUST_UNIT_TAG_ERA_PRODUCTION', 0, 0, 0);
INSERT INTO ModifierArguments
	(ModifierId, Name, Type, Value)
VALUES
	('MEDIEVAL_NAVAL_RANGED_PRODUCTION', 'EraType', 'ARGTYPE_IDENTITY', 'ERA_MEDIEVAL');
INSERT INTO ModifierArguments
	(ModifierId, Name, Type, Value)
VALUES
	('MEDIEVAL_NAVAL_RANGED_PRODUCTION', 'UnitPromotionClass', 'ARGTYPE_IDENTITY', 'PROMOTION_CLASS_NAVAL_RANGED');
INSERT INTO ModifierArguments
	(ModifierId, Name, Type, Value)
VALUES
	('MEDIEVAL_NAVAL_RANGED_PRODUCTION', 'Amount', 'ARGTYPE_IDENTITY', '100');
INSERT INTO Modifiers
	(ModifierId, ModifierType, RunOnce, NewOnly, Permanent)
VALUES
	('MODERN_NAVAL_RANGED_PRODUCTION', 'MODIFIER_PLAYER_CITIES_ADJUST_UNIT_TAG_ERA_PRODUCTION', 0, 0, 0);
INSERT INTO ModifierArguments
	(ModifierId, Name, Type, Value)
VALUES
	('MODERN_NAVAL_RANGED_PRODUCTION', 'EraType', 'ARGTYPE_IDENTITY', 'ERA_MODERN');
INSERT INTO ModifierArguments
	(ModifierId, Name, Type, Value)
VALUES
	('MODERN_NAVAL_RANGED_PRODUCTION', 'UnitPromotionClass', 'ARGTYPE_IDENTITY', 'PROMOTION_CLASS_NAVAL_RANGED');
INSERT INTO ModifierArguments
	(ModifierId, Name, Type, Value)
VALUES
	('MODERN_NAVAL_RANGED_PRODUCTION', 'Amount', 'ARGTYPE_IDENTITY', '100');
INSERT INTO Modifiers
	(ModifierId, ModifierType, RunOnce, NewOnly, Permanent)
VALUES
	('RENAISSANCE_NAVAL_RANGED_PRODUCTION', 'MODIFIER_PLAYER_CITIES_ADJUST_UNIT_TAG_ERA_PRODUCTION', 0, 0, 0);
INSERT INTO ModifierArguments
	(ModifierId, Name, Type, Value)
VALUES
	('RENAISSANCE_NAVAL_RANGED_PRODUCTION', 'EraType', 'ARGTYPE_IDENTITY', 'ERA_RENAISSANCE');
INSERT INTO ModifierArguments
	(ModifierId, Name, Type, Value)
VALUES
	('RENAISSANCE_NAVAL_RANGED_PRODUCTION', 'UnitPromotionClass', 'ARGTYPE_IDENTITY', 'PROMOTION_CLASS_NAVAL_RANGED');
INSERT INTO ModifierArguments
	(ModifierId, Name, Type, Value)
VALUES
	('RENAISSANCE_NAVAL_RANGED_PRODUCTION', 'Amount', 'ARGTYPE_IDENTITY', '100');
INSERT INTO Modifiers
	(ModifierId, ModifierType, RunOnce, NewOnly, Permanent)
VALUES
	('ANCIENT_NAVAL_RAIDER_PRODUCTION', 'MODIFIER_PLAYER_CITIES_ADJUST_UNIT_TAG_ERA_PRODUCTION', 0, 0, 0);
INSERT INTO ModifierArguments
	(ModifierId, Name, Type, Value)
VALUES
	('ANCIENT_NAVAL_RAIDER_PRODUCTION', 'EraType', 'ARGTYPE_IDENTITY', 'ERA_ANCIENT');
INSERT INTO ModifierArguments
	(ModifierId, Name, Type, Value)
VALUES
	('ANCIENT_NAVAL_RAIDER_PRODUCTION', 'UnitPromotionClass', 'ARGTYPE_IDENTITY', 'PROMOTION_CLASS_NAVAL_RAIDER');
INSERT INTO ModifierArguments
	(ModifierId, Name, Type, Value)
VALUES
	('ANCIENT_NAVAL_RAIDER_PRODUCTION', 'Amount', 'ARGTYPE_IDENTITY', '100');
INSERT INTO Modifiers
	(ModifierId, ModifierType, RunOnce, NewOnly, Permanent)
VALUES
	('ATOMIC_NAVAL_RAIDER_PRODUCTION', 'MODIFIER_PLAYER_CITIES_ADJUST_UNIT_TAG_ERA_PRODUCTION', 0, 0, 0);
INSERT INTO ModifierArguments
	(ModifierId, Name, Type, Value)
VALUES
	('ATOMIC_NAVAL_RAIDER_PRODUCTION', 'EraType', 'ARGTYPE_IDENTITY', 'ERA_ATOMIC');
INSERT INTO ModifierArguments
	(ModifierId, Name, Type, Value)
VALUES
	('ATOMIC_NAVAL_RAIDER_PRODUCTION', 'UnitPromotionClass', 'ARGTYPE_IDENTITY', 'PROMOTION_CLASS_NAVAL_RAIDER');
INSERT INTO ModifierArguments
	(ModifierId, Name, Type, Value)
VALUES
	('ATOMIC_NAVAL_RAIDER_PRODUCTION', 'Amount', 'ARGTYPE_IDENTITY', '100');
INSERT INTO Modifiers
	(ModifierId, ModifierType, RunOnce, NewOnly, Permanent)
VALUES
	('CLASSICAL_NAVAL_RAIDER_PRODUCTION', 'MODIFIER_PLAYER_CITIES_ADJUST_UNIT_TAG_ERA_PRODUCTION', 0, 0, 0);
INSERT INTO ModifierArguments
	(ModifierId, Name, Type, Value)
VALUES
	('CLASSICAL_NAVAL_RAIDER_PRODUCTION', 'EraType', 'ARGTYPE_IDENTITY', 'ERA_CLASSICAL');
INSERT INTO ModifierArguments
	(ModifierId, Name, Type, Value)
VALUES
	('CLASSICAL_NAVAL_RAIDER_PRODUCTION', 'UnitPromotionClass', 'ARGTYPE_IDENTITY', 'PROMOTION_CLASS_NAVAL_RAIDER');
INSERT INTO ModifierArguments
	(ModifierId, Name, Type, Value)
VALUES
	('CLASSICAL_NAVAL_RAIDER_PRODUCTION', 'Amount', 'ARGTYPE_IDENTITY', '100');
INSERT INTO Modifiers
	(ModifierId, ModifierType, RunOnce, NewOnly, Permanent)
VALUES
	('INDUSTRIAL_NAVAL_RAIDER_PRODUCTION', 'MODIFIER_PLAYER_CITIES_ADJUST_UNIT_TAG_ERA_PRODUCTION', 0, 0, 0);
INSERT INTO ModifierArguments
	(ModifierId, Name, Type, Value)
VALUES
	('INDUSTRIAL_NAVAL_RAIDER_PRODUCTION', 'EraType', 'ARGTYPE_IDENTITY', 'ERA_INDUSTRIAL');
INSERT INTO ModifierArguments
	(ModifierId, Name, Type, Value)
VALUES
	('INDUSTRIAL_NAVAL_RAIDER_PRODUCTION', 'UnitPromotionClass', 'ARGTYPE_IDENTITY', 'PROMOTION_CLASS_NAVAL_RAIDER');
INSERT INTO ModifierArguments
	(ModifierId, Name, Type, Value)
VALUES
	('INDUSTRIAL_NAVAL_RAIDER_PRODUCTION', 'Amount', 'ARGTYPE_IDENTITY', '100');
INSERT INTO Modifiers
	(ModifierId, ModifierType, RunOnce, NewOnly, Permanent)
VALUES
	('INFORMATION_NAVAL_RAIDER_PRODUCTION', 'MODIFIER_PLAYER_CITIES_ADJUST_UNIT_TAG_ERA_PRODUCTION', 0, 0, 0);
INSERT INTO ModifierArguments
	(ModifierId, Name, Type, Value)
VALUES
	('INFORMATION_NAVAL_RAIDER_PRODUCTION', 'EraType', 'ARGTYPE_IDENTITY', 'ERA_INFORMATION');
INSERT INTO ModifierArguments
	(ModifierId, Name, Type, Value)
VALUES
	('INFORMATION_NAVAL_RAIDER_PRODUCTION', 'UnitPromotionClass', 'ARGTYPE_IDENTITY', 'PROMOTION_CLASS_NAVAL_RAIDER');
INSERT INTO ModifierArguments
	(ModifierId, Name, Type, Value)
VALUES
	('INFORMATION_NAVAL_RAIDER_PRODUCTION', 'Amount', 'ARGTYPE_IDENTITY', '100');
INSERT INTO Modifiers
	(ModifierId, ModifierType, RunOnce, NewOnly, Permanent)
VALUES
	('MEDIEVAL_NAVAL_RAIDER_PRODUCTION', 'MODIFIER_PLAYER_CITIES_ADJUST_UNIT_TAG_ERA_PRODUCTION', 0, 0, 0);
INSERT INTO ModifierArguments
	(ModifierId, Name, Type, Value)
VALUES
	('MEDIEVAL_NAVAL_RAIDER_PRODUCTION', 'EraType', 'ARGTYPE_IDENTITY', 'ERA_MEDIEVAL');
INSERT INTO ModifierArguments
	(ModifierId, Name, Type, Value)
VALUES
	('MEDIEVAL_NAVAL_RAIDER_PRODUCTION', 'UnitPromotionClass', 'ARGTYPE_IDENTITY', 'PROMOTION_CLASS_NAVAL_RAIDER');
INSERT INTO ModifierArguments
	(ModifierId, Name, Type, Value)
VALUES
	('MEDIEVAL_NAVAL_RAIDER_PRODUCTION', 'Amount', 'ARGTYPE_IDENTITY', '100');
INSERT INTO Modifiers
	(ModifierId, ModifierType, RunOnce, NewOnly, Permanent)
VALUES
	('MODERN_NAVAL_RAIDER_PRODUCTION', 'MODIFIER_PLAYER_CITIES_ADJUST_UNIT_TAG_ERA_PRODUCTION', 0, 0, 0);
INSERT INTO ModifierArguments
	(ModifierId, Name, Type, Value)
VALUES
	('MODERN_NAVAL_RAIDER_PRODUCTION', 'EraType', 'ARGTYPE_IDENTITY', 'ERA_MODERN');
INSERT INTO ModifierArguments
	(ModifierId, Name, Type, Value)
VALUES
	('MODERN_NAVAL_RAIDER_PRODUCTION', 'UnitPromotionClass', 'ARGTYPE_IDENTITY', 'PROMOTION_CLASS_NAVAL_RAIDER');
INSERT INTO ModifierArguments
	(ModifierId, Name, Type, Value)
VALUES
	('MODERN_NAVAL_RAIDER_PRODUCTION', 'Amount', 'ARGTYPE_IDENTITY', '100');
INSERT INTO Modifiers
	(ModifierId, ModifierType, RunOnce, NewOnly, Permanent)
VALUES
	('RENAISSANCE_NAVAL_RAIDER_PRODUCTION', 'MODIFIER_PLAYER_CITIES_ADJUST_UNIT_TAG_ERA_PRODUCTION', 0, 0, 0);
INSERT INTO ModifierArguments
	(ModifierId, Name, Type, Value)
VALUES
	('RENAISSANCE_NAVAL_RAIDER_PRODUCTION', 'EraType', 'ARGTYPE_IDENTITY', 'ERA_RENAISSANCE');
INSERT INTO ModifierArguments
	(ModifierId, Name, Type, Value)
VALUES
	('RENAISSANCE_NAVAL_RAIDER_PRODUCTION', 'UnitPromotionClass', 'ARGTYPE_IDENTITY', 'PROMOTION_CLASS_NAVAL_RAIDER');
INSERT INTO ModifierArguments
	(ModifierId, Name, Type, Value)
VALUES
	('RENAISSANCE_NAVAL_RAIDER_PRODUCTION', 'Amount', 'ARGTYPE_IDENTITY', '100');
INSERT INTO Modifiers
	(ModifierId, ModifierType, RunOnce, NewOnly, Permanent)
VALUES
	('ANCIENT_NAVAL_CARRIER_PRODUCTION', 'MODIFIER_PLAYER_CITIES_ADJUST_UNIT_TAG_ERA_PRODUCTION', 0, 0, 0);
INSERT INTO ModifierArguments
	(ModifierId, Name, Type, Value)
VALUES
	('ANCIENT_NAVAL_CARRIER_PRODUCTION', 'EraType', 'ARGTYPE_IDENTITY', 'ERA_ANCIENT');
INSERT INTO ModifierArguments
	(ModifierId, Name, Type, Value)
VALUES
	('ANCIENT_NAVAL_CARRIER_PRODUCTION', 'UnitPromotionClass', 'ARGTYPE_IDENTITY', 'PROMOTION_CLASS_NAVAL_CARRIER');
INSERT INTO ModifierArguments
	(ModifierId, Name, Type, Value)
VALUES
	('ANCIENT_NAVAL_CARRIER_PRODUCTION', 'Amount', 'ARGTYPE_IDENTITY', '100');
INSERT INTO Modifiers
	(ModifierId, ModifierType, RunOnce, NewOnly, Permanent)
VALUES
	('ATOMIC_NAVAL_CARRIER_PRODUCTION', 'MODIFIER_PLAYER_CITIES_ADJUST_UNIT_TAG_ERA_PRODUCTION', 0, 0, 0);
INSERT INTO ModifierArguments
	(ModifierId, Name, Type, Value)
VALUES
	('ATOMIC_NAVAL_CARRIER_PRODUCTION', 'EraType', 'ARGTYPE_IDENTITY', 'ERA_ATOMIC');
INSERT INTO ModifierArguments
	(ModifierId, Name, Type, Value)
VALUES
	('ATOMIC_NAVAL_CARRIER_PRODUCTION', 'UnitPromotionClass', 'ARGTYPE_IDENTITY', 'PROMOTION_CLASS_NAVAL_CARRIER');
INSERT INTO ModifierArguments
	(ModifierId, Name, Type, Value)
VALUES
	('ATOMIC_NAVAL_CARRIER_PRODUCTION', 'Amount', 'ARGTYPE_IDENTITY', '100');
INSERT INTO Modifiers
	(ModifierId, ModifierType, RunOnce, NewOnly, Permanent)
VALUES
	('CLASSICAL_NAVAL_CARRIER_PRODUCTION', 'MODIFIER_PLAYER_CITIES_ADJUST_UNIT_TAG_ERA_PRODUCTION', 0, 0, 0);
INSERT INTO ModifierArguments
	(ModifierId, Name, Type, Value)
VALUES
	('CLASSICAL_NAVAL_CARRIER_PRODUCTION', 'EraType', 'ARGTYPE_IDENTITY', 'ERA_CLASSICAL');
INSERT INTO ModifierArguments
	(ModifierId, Name, Type, Value)
VALUES
	('CLASSICAL_NAVAL_CARRIER_PRODUCTION', 'UnitPromotionClass', 'ARGTYPE_IDENTITY', 'PROMOTION_CLASS_NAVAL_CARRIER');
INSERT INTO ModifierArguments
	(ModifierId, Name, Type, Value)
VALUES
	('CLASSICAL_NAVAL_CARRIER_PRODUCTION', 'Amount', 'ARGTYPE_IDENTITY', '100');
INSERT INTO Modifiers
	(ModifierId, ModifierType, RunOnce, NewOnly, Permanent)
VALUES
	('INDUSTRIAL_NAVAL_CARRIER_PRODUCTION', 'MODIFIER_PLAYER_CITIES_ADJUST_UNIT_TAG_ERA_PRODUCTION', 0, 0, 0);
INSERT INTO ModifierArguments
	(ModifierId, Name, Type, Value)
VALUES
	('INDUSTRIAL_NAVAL_CARRIER_PRODUCTION', 'EraType', 'ARGTYPE_IDENTITY', 'ERA_INDUSTRIAL');
INSERT INTO ModifierArguments
	(ModifierId, Name, Type, Value)
VALUES
	('INDUSTRIAL_NAVAL_CARRIER_PRODUCTION', 'UnitPromotionClass', 'ARGTYPE_IDENTITY', 'PROMOTION_CLASS_NAVAL_CARRIER');
INSERT INTO ModifierArguments
	(ModifierId, Name, Type, Value)
VALUES
	('INDUSTRIAL_NAVAL_CARRIER_PRODUCTION', 'Amount', 'ARGTYPE_IDENTITY', '100');
INSERT INTO Modifiers
	(ModifierId, ModifierType, RunOnce, NewOnly, Permanent)
VALUES
	('INFORMATION_NAVAL_CARRIER_PRODUCTION', 'MODIFIER_PLAYER_CITIES_ADJUST_UNIT_TAG_ERA_PRODUCTION', 0, 0, 0);
INSERT INTO ModifierArguments
	(ModifierId, Name, Type, Value)
VALUES
	('INFORMATION_NAVAL_CARRIER_PRODUCTION', 'EraType', 'ARGTYPE_IDENTITY', 'ERA_INFORMATION');
INSERT INTO ModifierArguments
	(ModifierId, Name, Type, Value)
VALUES
	('INFORMATION_NAVAL_CARRIER_PRODUCTION', 'UnitPromotionClass', 'ARGTYPE_IDENTITY', 'PROMOTION_CLASS_NAVAL_CARRIER');
INSERT INTO ModifierArguments
	(ModifierId, Name, Type, Value)
VALUES
	('INFORMATION_NAVAL_CARRIER_PRODUCTION', 'Amount', 'ARGTYPE_IDENTITY', '100');
INSERT INTO Modifiers
	(ModifierId, ModifierType, RunOnce, NewOnly, Permanent)
VALUES
	('MEDIEVAL_NAVAL_CARRIER_PRODUCTION', 'MODIFIER_PLAYER_CITIES_ADJUST_UNIT_TAG_ERA_PRODUCTION', 0, 0, 0);
INSERT INTO ModifierArguments
	(ModifierId, Name, Type, Value)
VALUES
	('MEDIEVAL_NAVAL_CARRIER_PRODUCTION', 'EraType', 'ARGTYPE_IDENTITY', 'ERA_MEDIEVAL');
INSERT INTO ModifierArguments
	(ModifierId, Name, Type, Value)
VALUES
	('MEDIEVAL_NAVAL_CARRIER_PRODUCTION', 'UnitPromotionClass', 'ARGTYPE_IDENTITY', 'PROMOTION_CLASS_NAVAL_CARRIER');
INSERT INTO ModifierArguments
	(ModifierId, Name, Type, Value)
VALUES
	('MEDIEVAL_NAVAL_CARRIER_PRODUCTION', 'Amount', 'ARGTYPE_IDENTITY', '100');
INSERT INTO Modifiers
	(ModifierId, ModifierType, RunOnce, NewOnly, Permanent)
VALUES
	('MODERN_NAVAL_CARRIER_PRODUCTION', 'MODIFIER_PLAYER_CITIES_ADJUST_UNIT_TAG_ERA_PRODUCTION', 0, 0, 0);
INSERT INTO ModifierArguments
	(ModifierId, Name, Type, Value)
VALUES
	('MODERN_NAVAL_CARRIER_PRODUCTION', 'EraType', 'ARGTYPE_IDENTITY', 'ERA_MODERN');
INSERT INTO ModifierArguments
	(ModifierId, Name, Type, Value)
VALUES
	('MODERN_NAVAL_CARRIER_PRODUCTION', 'UnitPromotionClass', 'ARGTYPE_IDENTITY', 'PROMOTION_CLASS_NAVAL_CARRIER');
INSERT INTO ModifierArguments
	(ModifierId, Name, Type, Value)
VALUES
	('MODERN_NAVAL_CARRIER_PRODUCTION', 'Amount', 'ARGTYPE_IDENTITY', '100');
INSERT INTO Modifiers
	(ModifierId, ModifierType, RunOnce, NewOnly, Permanent)
VALUES
	('RENAISSANCE_NAVAL_CARRIER_PRODUCTION', 'MODIFIER_PLAYER_CITIES_ADJUST_UNIT_TAG_ERA_PRODUCTION', 0, 0, 0);
INSERT INTO ModifierArguments
	(ModifierId, Name, Type, Value)
VALUES
	('RENAISSANCE_NAVAL_CARRIER_PRODUCTION', 'EraType', 'ARGTYPE_IDENTITY', 'ERA_RENAISSANCE');
INSERT INTO ModifierArguments
	(ModifierId, Name, Type, Value)
VALUES
	('RENAISSANCE_NAVAL_CARRIER_PRODUCTION', 'UnitPromotionClass', 'ARGTYPE_IDENTITY', 'PROMOTION_CLASS_NAVAL_CARRIER');
INSERT INTO ModifierArguments
	(ModifierId, Name, Type, Value)
VALUES
	('RENAISSANCE_NAVAL_CARRIER_PRODUCTION', 'Amount', 'ARGTYPE_IDENTITY', '100');
INSERT INTO BuildingModifiers
	(BuildingType, ModifierId)
VALUES
	('BUILDING_VENETIAN_ARSENAL', 'ANCIENT_NAVAL_MELEE_PRODUCTION');
INSERT INTO BuildingModifiers
	(BuildingType, ModifierId)
VALUES
	('BUILDING_VENETIAN_ARSENAL', 'ATOMIC_NAVAL_MELEE_PRODUCTION');
INSERT INTO BuildingModifiers
	(BuildingType, ModifierId)
VALUES
	('BUILDING_VENETIAN_ARSENAL', 'CLASSICAL_NAVAL_MELEE_PRODUCTION');
INSERT INTO BuildingModifiers
	(BuildingType, ModifierId)
VALUES
	('BUILDING_VENETIAN_ARSENAL', 'INDUSTRIAL_NAVAL_MELEE_PRODUCTION');
INSERT INTO BuildingModifiers
	(BuildingType, ModifierId)
VALUES
	('BUILDING_VENETIAN_ARSENAL', 'INFORMATION_NAVAL_MELEE_PRODUCTION');
INSERT INTO BuildingModifiers
	(BuildingType, ModifierId)
VALUES
	('BUILDING_VENETIAN_ARSENAL', 'MEDIEVAL_NAVAL_MELEE_PRODUCTION');
INSERT INTO BuildingModifiers
	(BuildingType, ModifierId)
VALUES
	('BUILDING_VENETIAN_ARSENAL', 'MODERN_NAVAL_MELEE_PRODUCTION');
INSERT INTO BuildingModifiers
	(BuildingType, ModifierId)
VALUES
	('BUILDING_VENETIAN_ARSENAL', 'RENAISSANCE_NAVAL_MELEE_PRODUCTION');
INSERT INTO BuildingModifiers
	(BuildingType, ModifierId)
VALUES
	('BUILDING_VENETIAN_ARSENAL', 'ANCIENT_NAVAL_RANGED_PRODUCTION');
INSERT INTO BuildingModifiers
	(BuildingType, ModifierId)
VALUES
	('BUILDING_VENETIAN_ARSENAL', 'ATOMIC_NAVAL_RANGED_PRODUCTION');
INSERT INTO BuildingModifiers
	(BuildingType, ModifierId)
VALUES
	('BUILDING_VENETIAN_ARSENAL', 'CLASSICAL_NAVAL_RANGED_PRODUCTION');
INSERT INTO BuildingModifiers
	(BuildingType, ModifierId)
VALUES
	('BUILDING_VENETIAN_ARSENAL', 'INDUSTRIAL_NAVAL_RANGED_PRODUCTION');
INSERT INTO BuildingModifiers
	(BuildingType, ModifierId)
VALUES
	('BUILDING_VENETIAN_ARSENAL', 'INFORMATION_NAVAL_RANGED_PRODUCTION');
INSERT INTO BuildingModifiers
	(BuildingType, ModifierId)
VALUES
	('BUILDING_VENETIAN_ARSENAL', 'MEDIEVAL_NAVAL_RANGED_PRODUCTION');
INSERT INTO BuildingModifiers
	(BuildingType, ModifierId)
VALUES
	('BUILDING_VENETIAN_ARSENAL', 'MODERN_NAVAL_RANGED_PRODUCTION');
INSERT INTO BuildingModifiers
	(BuildingType, ModifierId)
VALUES
	('BUILDING_VENETIAN_ARSENAL', 'RENAISSANCE_NAVAL_RANGED_PRODUCTION');
INSERT INTO BuildingModifiers
	(BuildingType, ModifierId)
VALUES
	('BUILDING_VENETIAN_ARSENAL', 'ANCIENT_NAVAL_RAIDER_PRODUCTION');
INSERT INTO BuildingModifiers
	(BuildingType, ModifierId)
VALUES
	('BUILDING_VENETIAN_ARSENAL', 'ATOMIC_NAVAL_RAIDER_PRODUCTION');
INSERT INTO BuildingModifiers
	(BuildingType, ModifierId)
VALUES
	('BUILDING_VENETIAN_ARSENAL', 'CLASSICAL_NAVAL_RAIDER_PRODUCTION');
INSERT INTO BuildingModifiers
	(BuildingType, ModifierId)
VALUES
	('BUILDING_VENETIAN_ARSENAL', 'INDUSTRIAL_NAVAL_RAIDER_PRODUCTION');
INSERT INTO BuildingModifiers
	(BuildingType, ModifierId)
VALUES
	('BUILDING_VENETIAN_ARSENAL', 'INFORMATION_NAVAL_RAIDER_PRODUCTION');
INSERT INTO BuildingModifiers
	(BuildingType, ModifierId)
VALUES
	('BUILDING_VENETIAN_ARSENAL', 'MEDIEVAL_NAVAL_RAIDER_PRODUCTION');
INSERT INTO BuildingModifiers
	(BuildingType, ModifierId)
VALUES
	('BUILDING_VENETIAN_ARSENAL', 'MODERN_NAVAL_RAIDER_PRODUCTION');
INSERT INTO BuildingModifiers
	(BuildingType, ModifierId)
VALUES
	('BUILDING_VENETIAN_ARSENAL', 'RENAISSANCE_NAVAL_RAIDER_PRODUCTION');
INSERT INTO BuildingModifiers
	(BuildingType, ModifierId)
VALUES
	('BUILDING_VENETIAN_ARSENAL', 'ANCIENT_NAVAL_CARRIER_PRODUCTION');
INSERT INTO BuildingModifiers
	(BuildingType, ModifierId)
VALUES
	('BUILDING_VENETIAN_ARSENAL', 'ATOMIC_NAVAL_CARRIER_PRODUCTION');
INSERT INTO BuildingModifiers
	(BuildingType, ModifierId)
VALUES
	('BUILDING_VENETIAN_ARSENAL', 'CLASSICAL_NAVAL_CARRIER_PRODUCTION');
INSERT INTO BuildingModifiers
	(BuildingType, ModifierId)
VALUES
	('BUILDING_VENETIAN_ARSENAL', 'INDUSTRIAL_NAVAL_CARRIER_PRODUCTION');
INSERT INTO BuildingModifiers
	(BuildingType, ModifierId)
VALUES
	('BUILDING_VENETIAN_ARSENAL', 'INFORMATION_NAVAL_CARRIER_PRODUCTION');
INSERT INTO BuildingModifiers
	(BuildingType, ModifierId)
VALUES
	('BUILDING_VENETIAN_ARSENAL', 'MEDIEVAL_NAVAL_CARRIER_PRODUCTION');
INSERT INTO BuildingModifiers
	(BuildingType, ModifierId)
VALUES
	('BUILDING_VENETIAN_ARSENAL', 'MODERN_NAVAL_CARRIER_PRODUCTION');
INSERT INTO BuildingModifiers
	(BuildingType, ModifierId)
VALUES
	('BUILDING_VENETIAN_ARSENAL', 'RENAISSANCE_NAVAL_CARRIER_PRODUCTION');

--==============================================================
--******			W O N D E R S  (MAN-MADE)			  ******
--==============================================================

-- scott research station can be built and works in tundra
INSERT INTO Building_ValidTerrains
	(BuildingType, TerrainType)
VALUES
	('BUILDING_AMUNDSEN_SCOTT_RESEARCH_STATION', 'TERRAIN_TUNDRA'),
	('BUILDING_AMUNDSEN_SCOTT_RESEARCH_STATION', 'TERRAIN_TUNDRA_HILLS');
UPDATE RequirementArguments SET Value='TERRAIN_TUNDRA' WHERE RequirementId='REQUIRES_CITY_HAS_5_SNOW' AND Name='TerrainType';

-- St. Basil gives 1 relic
INSERT INTO BuildingModifiers
	(BuildingType, ModifierId)
VALUES
	('BUILDING_ST_BASILS_CATHEDRAL', 'WONDER_GRANT_RELIC_BBG');