--==============================================================
--******				P A N T H E O N S				  ******
--==============================================================

-- GOD OF THE OPEN SKY --> God of redemtion
INSERT INTO Requirements
	(RequirementId, RequirementType)
VALUES
	(
		'AEP_REQUIRES_PLOT_ADJACENT_TO_OASIS',
		'REQUIREMENT_PLOT_ADJACENT_FEATURE_TYPE_MATCHES'
	);
INSERT INTO RequirementArguments
	(RequirementId, Name, Value)
VALUES
	(
		'AEP_REQUIRES_PLOT_ADJACENT_TO_OASIS',
		'FeatureType',
		'FEATURE_OASIS'
	);
INSERT INTO RequirementSets
	(RequirementSetId, RequirementSetType)
VALUES
	(
		'AEP_OASIS_REQUIREMENTS',
		'REQUIREMENTSET_TEST_ALL'
	),
	(
		'AEP_ADJACENT_OASIS_REQUIREMENTS',
		'REQUIREMENTSET_TEST_ALL'
	);
INSERT INTO RequirementSetRequirements
	(RequirementSetId, RequirementId)
VALUES
	(
		'AEP_OASIS_REQUIREMENTS',
		'REQUIRES_PLOT_HAS_OASIS'
	),
	(
		'AEP_ADJACENT_OASIS_REQUIREMENTS',
		'PETRA_YIELD_MODIFIER_REQUIRES_PLOT_HAS_DESERT'
	),
	(
		'AEP_ADJACENT_OASIS_REQUIREMENTS',
		'AEP_REQUIRES_PLOT_ADJACENT_TO_OASIS'
	);
INSERT INTO Modifiers
	(
	ModifierId,
	ModifierType,
	RunOnce,
	Permanent,
	SubjectRequirementSetId
	)
VALUES
	(
		'ASH_OASIS_CULTURE',
		'MODIFIER_ALL_CITIES_ATTACH_MODIFIER',
		0,
		0,
		'CITY_FOLLOWS_PANTHEON_REQUIREMENTS'
	),
	(
		'ASH_OASIS_CULTURE_MODIFIER',
		'MODIFIER_CITY_PLOT_YIELDS_ADJUST_PLOT_YIELD',
		0,
		0,
		'AEP_OASIS_REQUIREMENTS'
	),
	(
		'ASH_OASIS_FAITH',
		'MODIFIER_ALL_CITIES_ATTACH_MODIFIER',
		0,
		0,
		'CITY_FOLLOWS_PANTHEON_REQUIREMENTS'
	),
	(
		'ASH_OASIS_FAITH_MODIFIER',
		'MODIFIER_CITY_PLOT_YIELDS_ADJUST_PLOT_YIELD',
		0,
		0,
		'AEP_OASIS_REQUIREMENTS'
	),
	(
		'ASH_OASIS_PRODUCTION',
		'MODIFIER_ALL_CITIES_ATTACH_MODIFIER',
		0,
		0,
		'CITY_FOLLOWS_PANTHEON_REQUIREMENTS'
	),
	(
		'ASH_OASIS_PRODUCTION_MODIFIER',
		'MODIFIER_CITY_PLOT_YIELDS_ADJUST_PLOT_YIELD',
		0,
		0,
		'AEP_OASIS_REQUIREMENTS'
	),
	(
		'ASH_ADJACENT_OASIS_SCIENCE',
		'MODIFIER_ALL_CITIES_ATTACH_MODIFIER',
		0,
		0,
		'CITY_FOLLOWS_PANTHEON_REQUIREMENTS'
	),
	(
		'ASH_ADJACENT_OASIS_SCIENCE_MODIFIER',
		'MODIFIER_CITY_PLOT_YIELDS_ADJUST_PLOT_YIELD',
		0,
		0,
		'AEP_ADJACENT_OASIS_REQUIREMENTS'
	),
	(
		'ASH_ADJACENT_OASIS_FOOD',
		'MODIFIER_ALL_CITIES_ATTACH_MODIFIER',
		0,
		0,
		'CITY_FOLLOWS_PANTHEON_REQUIREMENTS'
	),
	(
		'ASH_ADJACENT_OASIS_FOOD_MODIFIER',
		'MODIFIER_CITY_PLOT_YIELDS_ADJUST_PLOT_YIELD',
		0,
		0,
		'AEP_ADJACENT_OASIS_REQUIREMENTS'
	);
INSERT INTO ModifierArguments
	(ModifierId, Name, Value)
VALUES
	(
		'ASH_OASIS_CULTURE',
		'ModifierId',
		'ASH_OASIS_CULTURE_MODIFIER'
	),
	(
		'ASH_OASIS_CULTURE_MODIFIER',
		'YieldType',
		'YIELD_CULTURE'
	),
	('ASH_OASIS_CULTURE_MODIFIER', 'Amount', 2),
	(
		'ASH_OASIS_FAITH',
		'ModifierId',
		'ASH_OASIS_FAITH_MODIFIER'
	),
	(
		'ASH_OASIS_FAITH_MODIFIER',
		'YieldType',
		'YIELD_FAITH'
	),
	('ASH_OASIS_FAITH_MODIFIER', 'Amount', 2),
	(
		'ASH_OASIS_PRODUCTION',
		'ModifierId',
		'ASH_OASIS_PRODUCTION_MODIFIER'
	),
	(
		'ASH_OASIS_PRODUCTION_MODIFIER',
		'YieldType',
		'YIELD_PRODUCTION'
	),
	(
		'ASH_OASIS_PRODUCTION_MODIFIER',
		'Amount',
		2
	),
	(
		'ASH_ADJACENT_OASIS_SCIENCE',
		'ModifierId',
		'ASH_ADJACENT_OASIS_SCIENCE_MODIFIER'
	),
	(
		'ASH_ADJACENT_OASIS_SCIENCE_MODIFIER',
		'YieldType',
		'YIELD_SCIENCE'
	),
	(
		'ASH_ADJACENT_OASIS_SCIENCE_MODIFIER',
		'Amount',
		1
	),
	(
		'ASH_ADJACENT_OASIS_FOOD',
		'ModifierId',
		'ASH_ADJACENT_OASIS_FOOD_MODIFIER'
	),
	(
		'ASH_ADJACENT_OASIS_FOOD_MODIFIER',
		'YieldType',
		'YIELD_FOOD'
	),
	(
		'ASH_ADJACENT_OASIS_FOOD_MODIFIER',
		'Amount',
		2
	);
INSERT INTO BeliefModifiers
	(BeliefType, ModifierID)
VALUES
	(
		'BELIEF_GOD_OF_THE_OPEN_SKY',
		'ASH_OASIS_CULTURE'
	),
	('BELIEF_GOD_OF_THE_OPEN_SKY', 'ASH_OASIS_FAITH'),
	(
		'BELIEF_GOD_OF_THE_OPEN_SKY',
		'ASH_OASIS_PRODUCTION'
	),
	(
		'BELIEF_GOD_OF_THE_OPEN_SKY',
		'ASH_ADJACENT_OASIS_SCIENCE'
	),
	(
		'BELIEF_GOD_OF_THE_OPEN_SKY',
		'ASH_ADJACENT_OASIS_FOOD'
	);