--==============================================================
--******				P A N T H E O N S				  ******
--==============================================================

-- GOD OF THE SEA (buff): Applies to all Sea resources and Reef.
-- Requirements
--------------------------------------------------------------------------
INSERT INTO Requirements
	(RequirementId, RequirementType)
VALUES
	(
		'P0K_BP_REQUIRES_PLOT_HAS_GREAT_BARRIER_REEF',
		'REQUIREMENT_PLOT_FEATURE_TYPE_MATCHES'
	);
INSERT INTO RequirementArguments
	(RequirementId, Name, Value)
VALUES
	(
		'P0K_BP_REQUIRES_PLOT_HAS_GREAT_BARRIER_REEF',
		'FeatureType',
		'FEATURE_BARRIER_REEF'
	);
INSERT INTO RequirementSets
	(RequirementSetId, RequirementSetType)
VALUES
	(
		'P0K_GOD_OF_SEA_COAST_RESOURCE_REQUIREMENTS',
		'REQUIREMENTSET_TEST_ALL'
	),
	(
		'P0K_GOD_OF_SEA_OCEAN_RESOURCE_REQUIREMENTS',
		'REQUIREMENTSET_TEST_ALL'
	),
	(
		'P0K_GOD_OF_SEA_REEF_REQUIREMENTS',
		'REQUIREMENTSET_TEST_ANY'
	);
INSERT INTO RequirementSetRequirements
	(RequirementSetId, RequirementId)
VALUES
	(
		'P0K_GOD_OF_SEA_COAST_RESOURCE_REQUIREMENTS',
		'REQUIRES_TERRAIN_COAST'
	),
	(
		'P0K_GOD_OF_SEA_COAST_RESOURCE_REQUIREMENTS',
		'REQUIRES_PLOT_HAS_VISIBLE_RESOURCE'
	),
	(
		'P0K_GOD_OF_SEA_OCEAN_RESOURCE_REQUIREMENTS',
		'REQUIRES_TERRAIN_OCEAN'
	),
	(
		'P0K_GOD_OF_SEA_OCEAN_RESOURCE_REQUIREMENTS',
		'REQUIRES_PLOT_HAS_VISIBLE_RESOURCE'
	),
	(
		'P0K_GOD_OF_SEA_REEF_REQUIREMENTS',
		'REQUIRES_PLOT_HAS_REEF'
	),
	(
		'P0K_GOD_OF_SEA_REEF_REQUIREMENTS',
		'P0K_BP_REQUIRES_PLOT_HAS_GREAT_BARRIER_REEF'
	);
-- Modifiers
--------------------------------------------------------------------------
INSERT INTO Modifiers
	(
	ModifierId,
	ModifierType,
	SubjectRequirementSetId
	)
VALUES
	(
		'P0K_GOD_OF_SEA_COAST_RESOURCE_PRODUCTION',
		'MODIFIER_ALL_CITIES_ATTACH_MODIFIER',
		'CITY_FOLLOWS_PANTHEON_REQUIREMENTS'
	),
	(
		'P0K_GOD_OF_SEA_COAST_RESOURCE_PRODUCTION_MODIFIER',
		'MODIFIER_CITY_PLOT_YIELDS_ADJUST_PLOT_YIELD',
		'P0K_GOD_OF_SEA_COAST_RESOURCE_REQUIREMENTS'
	),
	(
		'P0K_GOD_OF_SEA_OCEAN_RESOURCE_PRODUCTION',
		'MODIFIER_ALL_CITIES_ATTACH_MODIFIER',
		'CITY_FOLLOWS_PANTHEON_REQUIREMENTS'
	),
	(
		'P0K_GOD_OF_SEA_OCEAN_RESOURCE_PRODUCTION_MODIFIER',
		'MODIFIER_CITY_PLOT_YIELDS_ADJUST_PLOT_YIELD',
		'P0K_GOD_OF_SEA_OCEAN_RESOURCE_REQUIREMENTS'
	),
	(
		'P0K_GOD_OF_SEA_REEF_PRODUCTION',
		'MODIFIER_ALL_CITIES_ATTACH_MODIFIER',
		'CITY_FOLLOWS_PANTHEON_REQUIREMENTS'
	),
	(
		'P0K_GOD_OF_SEA_REEF_PRODUCTION_MODIFIER',
		'MODIFIER_CITY_PLOT_YIELDS_ADJUST_PLOT_YIELD',
		'P0K_GOD_OF_SEA_REEF_REQUIREMENTS'
	);
-- ModifierArguments
--------------------------------------------------------------------------
INSERT INTO ModifierArguments
	(ModifierId, Name, Value)
VALUES
	(
		'P0K_GOD_OF_SEA_COAST_RESOURCE_PRODUCTION',
		'ModifierId',
		'P0K_GOD_OF_SEA_COAST_RESOURCE_PRODUCTION_MODIFIER'
	),
	(
		'P0K_GOD_OF_SEA_COAST_RESOURCE_PRODUCTION_MODIFIER',
		'YieldType',
		'YIELD_PRODUCTION'
	),
	(
		'P0K_GOD_OF_SEA_COAST_RESOURCE_PRODUCTION_MODIFIER',
		'Amount',
		1
	),
	(
		'P0K_GOD_OF_SEA_OCEAN_RESOURCE_PRODUCTION',
		'ModifierId',
		'P0K_GOD_OF_SEA_OCEAN_RESOURCE_PRODUCTION_MODIFIER'
	),
	(
		'P0K_GOD_OF_SEA_OCEAN_RESOURCE_PRODUCTION_MODIFIER',
		'YieldType',
		'YIELD_PRODUCTION'
	),
	(
		'P0K_GOD_OF_SEA_OCEAN_RESOURCE_PRODUCTION_MODIFIER',
		'Amount',
		1
	),
	(
		'P0K_GOD_OF_SEA_REEF_PRODUCTION',
		'ModifierId',
		'P0K_GOD_OF_SEA_REEF_PRODUCTION_MODIFIER'
	),
	(
		'P0K_GOD_OF_SEA_REEF_PRODUCTION_MODIFIER',
		'YieldType',
		'YIELD_PRODUCTION'
	),
	(
		'P0K_GOD_OF_SEA_REEF_PRODUCTION_MODIFIER',
		'Amount',
		1
	);
-- BeliefModifiers
--------------------------------------------------------------------------
DELETE FROM BeliefModifiers
WHERE BeliefType = 'BELIEF_GOD_OF_THE_SEA';
INSERT INTO BeliefModifiers
	(BeliefType, ModifierID)
VALUES
	(
		'BELIEF_GOD_OF_THE_SEA',
		'P0K_GOD_OF_SEA_COAST_RESOURCE_PRODUCTION'
	),
	(
		'BELIEF_GOD_OF_THE_SEA',
		'P0K_GOD_OF_SEA_OCEAN_RESOURCE_PRODUCTION'
	),
	(
		'BELIEF_GOD_OF_THE_SEA',
		'P0K_GOD_OF_SEA_REEF_PRODUCTION'
	);