--==============================================================
--******				P A N T H E O N S				  ******
--==============================================================

-- Goddes of the Harvest -> Goddes of the Commerce
-- +1 Trade rout, +1 Gold / +1 Faith for trade routes
DELETE FROM BeliefModifiers
WHERE ModifierId LIKE "%GODDESS_OF_THE_HARVEST_%";
DELETE FROM ModifierArguments
WHERE ModifierId LIKE "%GODDESS_OF_THE_HARVEST_%";
DELETE FROM Modifiers
WHERE ModifierId LIKE "%GODDESS_OF_THE_HARVEST_%";
-- BELIEF_GODDESS_OF_THE_HARVEST
INSERT INTO Modifiers
	(
	ModifierId,
	ModifierType,
	SubjectRequirementSetId
	)
VALUES
	(
		'GODDESS_OF_COMMERCE_TRADE_ROUTE_SLOT',
		'MODIFIER_ALL_PLAYERS_ATTACH_MODIFIER',
		'PLAYER_HAS_PANTHEON_REQUIREMENTS'
	),
	(
		'GODDESS_OF_COMMERCE_TRADE_ROUTE_SLOT_MODIFIER',
		'MODIFIER_PLAYER_ADJUST_TRADE_ROUTE_CAPACITY',
		NULL
	),
	(
		'GODDESS_OF_COMMERCE_TRADE_ROUTE_GOLD',
		'MODIFIER_ALL_PLAYERS_ATTACH_MODIFIER',
		'PLAYER_HAS_PANTHEON_REQUIREMENTS'
	),
	(
		'GODDESS_OF_COMMERCE_TRADE_ROUTE_GOLD_MODIFIER',
		'MODIFIER_PLAYER_ADJUST_TRADE_ROUTE_YIELD',
		NULL
	),
	(
		'GODDESS_OF_COMMERCE_TRADE_ROUTE_FAITH',
		'MODIFIER_ALL_PLAYERS_ATTACH_MODIFIER',
		'PLAYER_HAS_PANTHEON_REQUIREMENTS'
	),
	(
		'GODDESS_OF_COMMERCE_TRADE_ROUTE_FAITH_MODIFIER',
		'MODIFIER_PLAYER_ADJUST_TRADE_ROUTE_YIELD',
		NULL
	);
INSERT INTO ModifierArguments
	(ModifierId, Name, Value)
VALUES
	(
		'GODDESS_OF_COMMERCE_TRADE_ROUTE_SLOT',
		'ModifierId',
		'GODDESS_OF_COMMERCE_TRADE_ROUTE_SLOT_MODIFIER'
	),
	(
		'GODDESS_OF_COMMERCE_TRADE_ROUTE_GOLD',
		'ModifierId',
		'GODDESS_OF_COMMERCE_TRADE_ROUTE_GOLD_MODIFIER'
	),
	(
		'GODDESS_OF_COMMERCE_TRADE_ROUTE_FAITH',
		'ModifierId',
		'GODDESS_OF_COMMERCE_TRADE_ROUTE_FAITH_MODIFIER'
	),
	(
		'GODDESS_OF_COMMERCE_TRADE_ROUTE_SLOT_MODIFIER',
		'Amount',
		'1'
	),
	(
		'GODDESS_OF_COMMERCE_TRADE_ROUTE_GOLD_MODIFIER',
		'YieldType',
		'YIELD_GOLD'
	),
	(
		'GODDESS_OF_COMMERCE_TRADE_ROUTE_FAITH_MODIFIER',
		'YieldType',
		'YIELD_FAITH'
	),
	(
		'GODDESS_OF_COMMERCE_TRADE_ROUTE_GOLD_MODIFIER',
		'Amount',
		'1'
	),
	(
		'GODDESS_OF_COMMERCE_TRADE_ROUTE_FAITH_MODIFIER',
		'Amount',
		'1'
	);
INSERT INTO BeliefModifiers
	(BeliefType, ModifierID)
VALUES
	(
		'BELIEF_GODDESS_OF_THE_HARVEST',
		'GODDESS_OF_COMMERCE_TRADE_ROUTE_SLOT'
	),
	(
		'BELIEF_GODDESS_OF_THE_HARVEST',
		'GODDESS_OF_COMMERCE_TRADE_ROUTE_GOLD'
	),
	(
		'BELIEF_GODDESS_OF_THE_HARVEST',
		'GODDESS_OF_COMMERCE_TRADE_ROUTE_FAITH'
	);