--==============================================================
--******				G O V E R N O R S				  ******
--==============================================================

--============================================
--******			Pingala				******
--============================================

-- create Pingala's science from trade routes ability and apply to middle right ability -- ok
INSERT INTO Modifiers
	(ModifierId, ModifierType)
VALUES
	('EDUCATOR_SCIENCE_FROM_DOMESTIC_TRADE_BBG', 'MODIFIER_SINGLE_CITY_ADJUST_TRADE_ROUTE_YIELD_TO_OTHERS');
INSERT INTO ModifierArguments
	(ModifierId, Name, Value)
VALUES
	('EDUCATOR_SCIENCE_FROM_DOMESTIC_TRADE_BBG', 'Domestic', '1'),
	('EDUCATOR_SCIENCE_FROM_DOMESTIC_TRADE_BBG', 'Amount', '3'),
	('EDUCATOR_SCIENCE_FROM_DOMESTIC_TRADE_BBG', 'YieldType', 'YIELD_SCIENCE');
INSERT INTO Types
	(Type, Kind)
VALUES
	('GOVERNOR_PROMOTION_EDUCATOR_TRADE_BBG', 'KIND_GOVERNOR_PROMOTION');
INSERT INTO GovernorPromotionSets
	(GovernorType, GovernorPromotion)
VALUES
	('GOVERNOR_THE_EDUCATOR', 'GOVERNOR_PROMOTION_EDUCATOR_TRADE_BBG');
INSERT INTO GovernorPromotions
	(GovernorPromotionType, Name, Description, Level, Column, BaseAbility)
VALUES
	('GOVERNOR_PROMOTION_EDUCATOR_TRADE_BBG', 'LOC_GOVERNOR_PROMOTION_EDUCATOR_KNOWLEDGE_NAME', 'LOC_GOVERNOR_PROMOTION_EDUCATOR_KNOWLEDGE_DESCRIPTION', 2, 2, 0);
INSERT INTO GovernorPromotionModifiers
	(GovernorPromotionType, ModifierId)
VALUES
	('GOVERNOR_PROMOTION_EDUCATOR_TRADE_BBG', 'EDUCATOR_SCIENCE_FROM_DOMESTIC_TRADE_BBG');
DELETE FROM GovernorPromotionPrereqs WHERE GovernorPromotionType='GOVERNOR_PROMOTION_EDUCATOR_SPACE_INITIATIVE';
INSERT INTO GovernorPromotionPrereqs
	(GovernorPromotionType, PrereqGovernorPromotion)
VALUES
	('GOVERNOR_PROMOTION_EDUCATOR_TRADE_BBG', 'GOVERNOR_PROMOTION_EDUCATOR_RESEARCHER'),
	('GOVERNOR_PROMOTION_EDUCATOR_SPACE_INITIATIVE', 'GOVERNOR_PROMOTION_EDUCATOR_TRADE_BBG');

-- Pingala's double adajacency added to researcher -- ok
INSERT INTO Modifiers
	(ModifierId, ModifierType)
VALUES
	('EDUCATOR_DOUBLE_CAMPUS_ADJ_MODIFIER_BBG', 'MODIFIER_CITY_DISTRICTS_ADJUST_YIELD_MODIFIER');
INSERT INTO ModifierArguments
	(ModifierId, Name, Value)
VALUES
	('EDUCATOR_DOUBLE_CAMPUS_ADJ_MODIFIER_BBG', 'Amount', '100'),
	('EDUCATOR_DOUBLE_CAMPUS_ADJ_MODIFIER_BBG', 'YieldType', 'YIELD_SCIENCE');
INSERT INTO GovernorPromotionModifiers
	(GovernorPromotionType, ModifierId)
VALUES
	('GOVERNOR_PROMOTION_EDUCATOR_RESEARCHER', 'EDUCATOR_DOUBLE_CAMPUS_ADJ_MODIFIER_BBG');
UPDATE GovernorPromotions SET Column=1 WHERE GovernorPromotionType='GOVERNOR_PROMOTION_EDUCATOR_RESEARCHER';


-- +1 Sience from rainforest
INSERT INTO Types
	(Type, Kind)
VALUES
	('GOVERNOR_PROMOTION_RAINFOREST_SCIENCE', 'KIND_GOVERNOR_PROMOTION');

INSERT INTO GovernorPromotionSets
	(GovernorType, GovernorPromotion)
VALUES
	('GOVERNOR_THE_EDUCATOR', 'GOVERNOR_PROMOTION_RAINFOREST_SCIENCE');

INSERT INTO GovernorPromotions
	(GovernorPromotionType, Name, Description, Level, Column, BaseAbility)
VALUES
	('GOVERNOR_PROMOTION_RAINFOREST_SCIENCE', 'GOVERNOR_PROMOTION_RAINFOREST_SCIENCE_NAME', 'GOVERNOR_PROMOTION_RAINFOREST_SCIENCE_DESCRIPTION', 2, 0, 0);

INSERT INTO GovernorPromotionModifiers
	(GovernorPromotionType, ModifierId)
VALUES
	('GOVERNOR_PROMOTION_RAINFOREST_SCIENCE', 'ZOO_RAINFOREST_SCIENCE');
INSERT INTO GovernorPromotionPrereqs
	(GovernorPromotionType, PrereqGovernorPromotion)
VALUES
	('GOVERNOR_PROMOTION_RAINFOREST_SCIENCE', 'GOVERNOR_PROMOTION_EDUCATOR_RESEARCHER');

-- +25% Production towards all Projects.
INSERT INTO Types
	(Type, Kind)
VALUES
	( "GOVERNOR_PROMOTION_RESOURCE_ALLOCATION", "KIND_GOVERNOR_PROMOTION"),
	( "GOVERNOR_PROMOTION_RESOURCE_ALLOCATION_MODIFIER", "KIND_MODIFIER");
INSERT INTO Modifiers
	(ModifierId, ModifierType)
VALUES
	( "GOVERNOR_PROMOTION_RESOURCE_ALLOCATION_MODIFIER_1", "MODIFIER_SINGLE_CITY_ADJUST_PROJECT_PRODUCTION"),
	( "GOVERNOR_PROMOTION_RESOURCE_ALLOCATION_MODIFIER_2", "MODIFIER_SINGLE_CITY_ADJUST_PROJECT_PRODUCTION"),
	( "GOVERNOR_PROMOTION_RESOURCE_ALLOCATION_MODIFIER_3", "MODIFIER_SINGLE_CITY_ADJUST_PROJECT_PRODUCTION"),
	( "GOVERNOR_PROMOTION_RESOURCE_ALLOCATION_MODIFIER_4", "MODIFIER_SINGLE_CITY_ADJUST_PROJECT_PRODUCTION"),
	( "GOVERNOR_PROMOTION_RESOURCE_ALLOCATION_MODIFIER_5", "MODIFIER_SINGLE_CITY_ADJUST_PROJECT_PRODUCTION"),
	( "GOVERNOR_PROMOTION_RESOURCE_ALLOCATION_MODIFIER_6", "MODIFIER_SINGLE_CITY_ADJUST_PROJECT_PRODUCTION"),
	( "GOVERNOR_PROMOTION_RESOURCE_ALLOCATION_MODIFIER_7", "MODIFIER_SINGLE_CITY_ADJUST_PROJECT_PRODUCTION"),
	( "GOVERNOR_PROMOTION_RESOURCE_ALLOCATION_MODIFIER_8", "MODIFIER_SINGLE_CITY_ADJUST_PROJECT_PRODUCTION"),
	( "GOVERNOR_PROMOTION_RESOURCE_ALLOCATION_MODIFIER_9", "MODIFIER_SINGLE_CITY_ADJUST_PROJECT_PRODUCTION"),
	( "GOVERNOR_PROMOTION_RESOURCE_ALLOCATION_MODIFIER_10", "MODIFIER_SINGLE_CITY_ADJUST_PROJECT_PRODUCTION"),
	( "GOVERNOR_PROMOTION_RESOURCE_ALLOCATION_MODIFIER_11", "MODIFIER_SINGLE_CITY_ADJUST_PROJECT_PRODUCTION"),
	( "GOVERNOR_PROMOTION_RESOURCE_ALLOCATION_MODIFIER_12", "MODIFIER_SINGLE_CITY_ADJUST_PROJECT_PRODUCTION"),
	( "GOVERNOR_PROMOTION_RESOURCE_ALLOCATION_MODIFIER_13", "MODIFIER_SINGLE_CITY_ADJUST_PROJECT_PRODUCTION"),
	( "GOVERNOR_PROMOTION_RESOURCE_ALLOCATION_MODIFIER_14", "MODIFIER_SINGLE_CITY_ADJUST_PROJECT_PRODUCTION"),
	( "GOVERNOR_PROMOTION_RESOURCE_ALLOCATION_MODIFIER_15", "MODIFIER_SINGLE_CITY_ADJUST_PROJECT_PRODUCTION"),
	( "GOVERNOR_PROMOTION_RESOURCE_ALLOCATION_MODIFIER_16", "MODIFIER_SINGLE_CITY_ADJUST_PROJECT_PRODUCTION"),
	( "GOVERNOR_PROMOTION_RESOURCE_ALLOCATION_MODIFIER_17", "MODIFIER_SINGLE_CITY_ADJUST_PROJECT_PRODUCTION"),
	( "GOVERNOR_PROMOTION_RESOURCE_ALLOCATION_MODIFIER_18", "MODIFIER_SINGLE_CITY_ADJUST_PROJECT_PRODUCTION"),
	( "GOVERNOR_PROMOTION_RESOURCE_ALLOCATION_MODIFIER_19", "MODIFIER_SINGLE_CITY_ADJUST_PROJECT_PRODUCTION"),
	( "GOVERNOR_PROMOTION_RESOURCE_ALLOCATION_MODIFIER_20", "MODIFIER_SINGLE_CITY_ADJUST_PROJECT_PRODUCTION"),
	( "GOVERNOR_PROMOTION_RESOURCE_ALLOCATION_MODIFIER_21", "MODIFIER_SINGLE_CITY_ADJUST_PROJECT_PRODUCTION");
INSERT INTO ModifierArguments
	( ModifierId, Name, Value)
VALUES
	( "GOVERNOR_PROMOTION_RESOURCE_ALLOCATION_MODIFIER_1", "ProjectType", "PROJECT_REPAIR_OUTER_DEFENSES"),
	( "GOVERNOR_PROMOTION_RESOURCE_ALLOCATION_MODIFIER_1", "Amount", "25"),
	( "GOVERNOR_PROMOTION_RESOURCE_ALLOCATION_MODIFIER_2", "ProjectType", "PROJECT_LAUNCH_EARTH_SATELLITE"),
	( "GOVERNOR_PROMOTION_RESOURCE_ALLOCATION_MODIFIER_2", "Amount", "25"),
	( "GOVERNOR_PROMOTION_RESOURCE_ALLOCATION_MODIFIER_3", "ProjectType", "PROJECT_LAUNCH_MOON_LANDING"),
	( "GOVERNOR_PROMOTION_RESOURCE_ALLOCATION_MODIFIER_3", "Amount", "25"),
	( "GOVERNOR_PROMOTION_RESOURCE_ALLOCATION_MODIFIER_4", "ProjectType", "PROJECT_LAUNCH_MARS_REACTOR"),
	( "GOVERNOR_PROMOTION_RESOURCE_ALLOCATION_MODIFIER_4", "Amount", "25"),
	( "GOVERNOR_PROMOTION_RESOURCE_ALLOCATION_MODIFIER_5", "ProjectType", "PROJECT_LAUNCH_MARS_HABITATION"),
	( "GOVERNOR_PROMOTION_RESOURCE_ALLOCATION_MODIFIER_5", "Amount", "25"),
	( "GOVERNOR_PROMOTION_RESOURCE_ALLOCATION_MODIFIER_6", "ProjectType", "PROJECT_LAUNCH_MARS_HYDROPONICS"),
	( "GOVERNOR_PROMOTION_RESOURCE_ALLOCATION_MODIFIER_6", "Amount", "25"),
	( "GOVERNOR_PROMOTION_RESOURCE_ALLOCATION_MODIFIER_7", "ProjectType", "PROJECT_MANHATTAN_PROJECT"),
	( "GOVERNOR_PROMOTION_RESOURCE_ALLOCATION_MODIFIER_7", "Amount", "25"),
	( "GOVERNOR_PROMOTION_RESOURCE_ALLOCATION_MODIFIER_8", "ProjectType", "PROJECT_OPERATION_IVY"),
	( "GOVERNOR_PROMOTION_RESOURCE_ALLOCATION_MODIFIER_8", "Amount", "25"),
	( "GOVERNOR_PROMOTION_RESOURCE_ALLOCATION_MODIFIER_9", "ProjectType", "PROJECT_BUILD_NUCLEAR_DEVICE"),
	( "GOVERNOR_PROMOTION_RESOURCE_ALLOCATION_MODIFIER_9", "Amount", "25"),
	( "GOVERNOR_PROMOTION_RESOURCE_ALLOCATION_MODIFIER_10", "ProjectType", "PROJECT_BUILD_THERMONUCLEAR_DEVICE"),
	( "GOVERNOR_PROMOTION_RESOURCE_ALLOCATION_MODIFIER_10", "Amount", "25"),
	( "GOVERNOR_PROMOTION_RESOURCE_ALLOCATION_MODIFIER_11", "ProjectType", "PROJECT_CARNIVAL"),
	( "GOVERNOR_PROMOTION_RESOURCE_ALLOCATION_MODIFIER_11", "Amount", "25"),
	( "GOVERNOR_PROMOTION_RESOURCE_ALLOCATION_MODIFIER_12", "ProjectType", "PROJECT_ENHANCE_DISTRICT_ENCAMPMENT"),
	( "GOVERNOR_PROMOTION_RESOURCE_ALLOCATION_MODIFIER_12", "Amount", "25"),
	( "GOVERNOR_PROMOTION_RESOURCE_ALLOCATION_MODIFIER_13", "ProjectType", "PROJECT_ENHANCE_DISTRICT_HARBOR"),
	( "GOVERNOR_PROMOTION_RESOURCE_ALLOCATION_MODIFIER_13", "Amount", "25"),
	( "GOVERNOR_PROMOTION_RESOURCE_ALLOCATION_MODIFIER_14", "ProjectType", "PROJECT_ENHANCE_DISTRICT_INDUSTRIAL_ZONE"),
	( "GOVERNOR_PROMOTION_RESOURCE_ALLOCATION_MODIFIER_14", "Amount", "25"),
	( "GOVERNOR_PROMOTION_RESOURCE_ALLOCATION_MODIFIER_15", "ProjectType", "PROJECT_ENHANCE_DISTRICT_COMMERCIAL_HUB"),
	( "GOVERNOR_PROMOTION_RESOURCE_ALLOCATION_MODIFIER_15", "Amount", "25"),
	( "GOVERNOR_PROMOTION_RESOURCE_ALLOCATION_MODIFIER_16", "ProjectType", "PROJECT_ENHANCE_DISTRICT_HOLY_SITE"),
	( "GOVERNOR_PROMOTION_RESOURCE_ALLOCATION_MODIFIER_16", "Amount", "25"),
	( "GOVERNOR_PROMOTION_RESOURCE_ALLOCATION_MODIFIER_17", "ProjectType", "PROJECT_ENHANCE_DISTRICT_CAMPUS"),
	( "GOVERNOR_PROMOTION_RESOURCE_ALLOCATION_MODIFIER_17", "Amount", "25"),
	( "GOVERNOR_PROMOTION_RESOURCE_ALLOCATION_MODIFIER_18", "ProjectType", "PROJECT_ENHANCE_DISTRICT_THEATER"),
	( "GOVERNOR_PROMOTION_RESOURCE_ALLOCATION_MODIFIER_18", "Amount", "25"),
	( "GOVERNOR_PROMOTION_RESOURCE_ALLOCATION_MODIFIER_19", "ProjectType", "PROJECT_WATER_CARNIVAL"),
	( "GOVERNOR_PROMOTION_RESOURCE_ALLOCATION_MODIFIER_19", "Amount", "25"),
	( "GOVERNOR_PROMOTION_RESOURCE_ALLOCATION_MODIFIER_20", "ProjectType", "PROJECT_BREAD_AND_CIRCUSES"),
	( "GOVERNOR_PROMOTION_RESOURCE_ALLOCATION_MODIFIER_20", "Amount", "25"),
	( "GOVERNOR_PROMOTION_RESOURCE_ALLOCATION_MODIFIER_21", "ProjectType", "PROJECT_WATER_BREAD_AND_CIRCUSES"),
	( "GOVERNOR_PROMOTION_RESOURCE_ALLOCATION_MODIFIER_21", "Amount", "25");

INSERT INTO GovernorPromotions
	(GovernorPromotionType, Name, Description, Level, Column)
VALUES
	("GOVERNOR_PROMOTION_RESOURCE_ALLOCATION", "LOC_GOVERNOR_PROMOTION_NAME_RESOURCE_ALLOCATION", "LOC_GOVERNOR_PROMOTION_DESC_RESOURCE_ALLOCATION", 3, 0);
INSERT INTO GovernorPromotionModifiers
	(GovernorPromotionType, ModifierId)
VALUES
	("GOVERNOR_PROMOTION_RESOURCE_ALLOCATION", "GOVERNOR_PROMOTION_RESOURCE_ALLOCATION_MODIFIER_1" ),
	("GOVERNOR_PROMOTION_RESOURCE_ALLOCATION", "GOVERNOR_PROMOTION_RESOURCE_ALLOCATION_MODIFIER_2" ),
	("GOVERNOR_PROMOTION_RESOURCE_ALLOCATION", "GOVERNOR_PROMOTION_RESOURCE_ALLOCATION_MODIFIER_3" ),
	("GOVERNOR_PROMOTION_RESOURCE_ALLOCATION", "GOVERNOR_PROMOTION_RESOURCE_ALLOCATION_MODIFIER_4" ),
	("GOVERNOR_PROMOTION_RESOURCE_ALLOCATION", "GOVERNOR_PROMOTION_RESOURCE_ALLOCATION_MODIFIER_5" ),
	("GOVERNOR_PROMOTION_RESOURCE_ALLOCATION", "GOVERNOR_PROMOTION_RESOURCE_ALLOCATION_MODIFIER_6" ),
	("GOVERNOR_PROMOTION_RESOURCE_ALLOCATION", "GOVERNOR_PROMOTION_RESOURCE_ALLOCATION_MODIFIER_7" ),
	("GOVERNOR_PROMOTION_RESOURCE_ALLOCATION", "GOVERNOR_PROMOTION_RESOURCE_ALLOCATION_MODIFIER_8" ),
	("GOVERNOR_PROMOTION_RESOURCE_ALLOCATION", "GOVERNOR_PROMOTION_RESOURCE_ALLOCATION_MODIFIER_9" ),
	("GOVERNOR_PROMOTION_RESOURCE_ALLOCATION", "GOVERNOR_PROMOTION_RESOURCE_ALLOCATION_MODIFIER_10"),
	("GOVERNOR_PROMOTION_RESOURCE_ALLOCATION", "GOVERNOR_PROMOTION_RESOURCE_ALLOCATION_MODIFIER_11"),
	("GOVERNOR_PROMOTION_RESOURCE_ALLOCATION", "GOVERNOR_PROMOTION_RESOURCE_ALLOCATION_MODIFIER_12"),
	("GOVERNOR_PROMOTION_RESOURCE_ALLOCATION", "GOVERNOR_PROMOTION_RESOURCE_ALLOCATION_MODIFIER_13"),
	("GOVERNOR_PROMOTION_RESOURCE_ALLOCATION", "GOVERNOR_PROMOTION_RESOURCE_ALLOCATION_MODIFIER_14"),
	("GOVERNOR_PROMOTION_RESOURCE_ALLOCATION", "GOVERNOR_PROMOTION_RESOURCE_ALLOCATION_MODIFIER_15"),
	("GOVERNOR_PROMOTION_RESOURCE_ALLOCATION", "GOVERNOR_PROMOTION_RESOURCE_ALLOCATION_MODIFIER_16"),
	("GOVERNOR_PROMOTION_RESOURCE_ALLOCATION", "GOVERNOR_PROMOTION_RESOURCE_ALLOCATION_MODIFIER_17"),
	("GOVERNOR_PROMOTION_RESOURCE_ALLOCATION", "GOVERNOR_PROMOTION_RESOURCE_ALLOCATION_MODIFIER_18"),
	("GOVERNOR_PROMOTION_RESOURCE_ALLOCATION", "GOVERNOR_PROMOTION_RESOURCE_ALLOCATION_MODIFIER_19"),
	("GOVERNOR_PROMOTION_RESOURCE_ALLOCATION", "GOVERNOR_PROMOTION_RESOURCE_ALLOCATION_MODIFIER_20"),
	("GOVERNOR_PROMOTION_RESOURCE_ALLOCATION", "GOVERNOR_PROMOTION_RESOURCE_ALLOCATION_MODIFIER_21");

INSERT INTO GovernorPromotionSets
	(GovernorType, GovernorPromotion)
VALUES
	("GOVERNOR_THE_EDUCATOR", "GOVERNOR_PROMOTION_RESOURCE_ALLOCATION");
INSERT INTO GovernorPromotionPrereqs
	(GovernorPromotionType, PrereqGovernorPromotion)
VALUES
	("GOVERNOR_PROMOTION_RESOURCE_ALLOCATION", "GOVERNOR_PROMOTION_RAINFOREST_SCIENCE");


-- Delete GOVERNOR_PROMOTION_EDUCATOR_ARMS_RACE_PROPONENT
DELETE FROM GovernorPromotionPrereqs WHERE GovernorPromotionType='GOVERNOR_PROMOTION_EDUCATOR_ARMS_RACE_PROPONENT' OR PrereqGovernorPromotion='GOVERNOR_PROMOTION_EDUCATOR_ARMS_RACE_PROPONENT';
DELETE FROM GovernorPromotions WHERE GovernorPromotionType='GOVERNOR_PROMOTION_EDUCATOR_ARMS_RACE_PROPONENT';
DELETE FROM GovernorPromotionSets WHERE GovernorPromotion='GOVERNOR_PROMOTION_EDUCATOR_ARMS_RACE_PROPONENT';
DELETE FROM GovernorPromotionModifiers WHERE GovernorPromotionType='GOVERNOR_PROMOTION_EDUCATOR_ARMS_RACE_PROPONENT';

-- Buff to 50%
-- SELECT * FROM GovernorPromotionModifiers WHERE GovernorPromotionType LIKE '%ReSearcher%';
-- RESEARCHER_FASTER_CAMPUS_BUILDING_CONSTRUCTION
UPDATE ModifierArguments SET Value='50' 
WHERE ModifierId IN ('RESEARCHER_FASTER_CAMPUS_BUILDING_CONSTRUCTION') AND Name='Amount';
UPDATE ModifierArguments SET Value='50' 
WHERE ModifierId LIKE '%EDUCATOR_FASTER_%' AND Name='Amount';
-- Make it 20%
UPDATE ModifierArguments SET Value='20' 
WHERE ModifierId IN ('LIBRARIAN_SCIENCE_YIELD_BONUS') AND Name='Amount';
