--==============================================================
--******				G O V E R N O R S				  ******
--==============================================================

--============================================
--******			Reyna				******
--============================================
-- Reyna's new 3rd level right ability
-- +1 prudction/ +2 gold prod for tiles without resources

-- New tiles are bought cheaper
INSERT INTO Modifiers
	(ModifierId, ModifierType)
VALUES
	('SM_LAND_ACQUISITION_CHEAPER_PLOT_COSTS', 'MODIFIER_PLAYER_CITIES_ADJUST_PLOT_PURCHASE_COST');
INSERT INTO ModifierArguments
	(ModifierId , Name , Value)
VALUES
	('SM_LAND_ACQUISITION_CHEAPER_PLOT_COSTS', 'Amount', '-25');

INSERT INTO GovernorPromotionModifiers
	(GovernorPromotionType, ModifierId)
VALUES
	('GOVERNOR_PROMOTION_MERCHANT_LAND_ACQUISITION', 'SM_LAND_ACQUISITION_CHEAPER_PLOT_COSTS');

-- Foreign +4/+4 Gold
INSERT INTO Modifiers
	(ModifierId, ModifierType)
VALUES
	('BONUS_GOLD_TO_INCOMING_FOREIGN_TRADE', 'MODIFIER_SINGLE_CITY_ADJUST_TRADE_ROUTE_YIELD_TO_OTHERS'),
	('BONUS_GOLD_FROM_INCOMING_FOREIGN_TRADE', 'MODIFIER_SINGLE_CITY_ADJUST_TRADE_ROUTE_YIELD_FROM_OTHERS');
INSERT INTO ModifierArguments
	(ModifierId , Name , Value)
VALUES
	('BONUS_GOLD_TO_INCOMING_FOREIGN_TRADE', 'YieldType', 'YIELD_GOLD'),
	('BONUS_GOLD_TO_INCOMING_FOREIGN_TRADE', 'Amount', '4'),
	('BONUS_GOLD_FROM_INCOMING_FOREIGN_TRADE', 'YieldType', 'YIELD_GOLD'),
	('BONUS_GOLD_FROM_INCOMING_FOREIGN_TRADE', 'Amount', '4');

DELETE FROM GovernorPromotionModifiers WHERE GovernorPromotionType="GOVERNOR_PROMOTION_MERCHANT_FOREIGN_EXCHANGE";
INSERT INTO GovernorPromotionModifiers
	(GovernorPromotionType, ModifierId)
VALUES
	('GOVERNOR_PROMOTION_MERCHANT_FOREIGN_EXCHANGE', 'BONUS_GOLD_TO_INCOMING_FOREIGN_TRADE'),
	('GOVERNOR_PROMOTION_MERCHANT_FOREIGN_EXCHANGE', 'BONUS_GOLD_FROM_INCOMING_FOREIGN_TRADE');

-- +1/+2 For all
INSERT INTO Modifiers
	(ModifierId, ModifierType)
VALUES
	('GOVERNOR_PROMOTION_TILE_MANAGER_POSITIVE_MODIFIER_PRODUCTION', 'MODIFIER_CITY_PLOT_YIELDS_ADJUST_PLOT_YIELD'),
	('GOVERNOR_PROMOTION_TILE_MANAGER_POSITIVE_MODIFIER_GOLD', 'MODIFIER_CITY_PLOT_YIELDS_ADJUST_PLOT_YIELD');

INSERT INTO ModifierArguments
	(ModifierId , Name , Value)
VALUES
	('GOVERNOR_PROMOTION_TILE_MANAGER_POSITIVE_MODIFIER_PRODUCTION', 'YieldType', 'YIELD_PRODUCTION'),
	('GOVERNOR_PROMOTION_TILE_MANAGER_POSITIVE_MODIFIER_PRODUCTION', 'Amount', '1'),
	('GOVERNOR_PROMOTION_TILE_MANAGER_POSITIVE_MODIFIER_GOLD', 'YieldType', 'YIELD_GOLD'),
	('GOVERNOR_PROMOTION_TILE_MANAGER_POSITIVE_MODIFIER_GOLD', 'Amount', '2');

-- -1/-2 For resources
INSERT INTO RequirementSets
	(RequirementSetId , RequirementSetType)
VALUES
	('GOVERNOR_PROMOTION_TILE_MANAGER_NEGATIVE_MODIFIER_REQUIREMENTS' , 'REQUIREMENTSET_TEST_ALL');
INSERT INTO RequirementSetRequirements
	(RequirementSetId , RequirementId)
VALUES
	('GOVERNOR_PROMOTION_TILE_MANAGER_NEGATIVE_MODIFIER_REQUIREMENTS' , 'REQUIRES_PLOT_HAS_VISIBLE_RESOURCE');

INSERT INTO Modifiers
	(ModifierId, ModifierType, SubjectRequirementSetId)
VALUES
	('GOVERNOR_PROMOTION_TILE_MANAGER_NEGATIVE_MODIFIER_PRODUCTION', 'MODIFIER_CITY_PLOT_YIELDS_ADJUST_PLOT_YIELD', 'GOVERNOR_PROMOTION_TILE_MANAGER_NEGATIVE_MODIFIER_REQUIREMENTS'),
	('GOVERNOR_PROMOTION_TILE_MANAGER_NEGATIVE_MODIFIER_GOLD', 'MODIFIER_CITY_PLOT_YIELDS_ADJUST_PLOT_YIELD', 'GOVERNOR_PROMOTION_TILE_MANAGER_NEGATIVE_MODIFIER_REQUIREMENTS');
INSERT INTO ModifierArguments
	(ModifierId , Name , Value)
VALUES
	('GOVERNOR_PROMOTION_TILE_MANAGER_NEGATIVE_MODIFIER_PRODUCTION', 'YieldType', 'YIELD_PRODUCTION'),
	('GOVERNOR_PROMOTION_TILE_MANAGER_NEGATIVE_MODIFIER_PRODUCTION', 'Amount', '-1'),
	('GOVERNOR_PROMOTION_TILE_MANAGER_NEGATIVE_MODIFIER_GOLD', 'YieldType', 'YIELD_GOLD'),
	('GOVERNOR_PROMOTION_TILE_MANAGER_NEGATIVE_MODIFIER_GOLD', 'Amount', '-2');

-- Combine them
INSERT INTO Types
	(Type, Kind)
VALUES
	('GOVERNOR_PROMOTION_TILE_MANAGER', 'KIND_GOVERNOR_PROMOTION');

INSERT INTO GovernorPromotionSets
	(GovernorType, GovernorPromotion)
VALUES
	('GOVERNOR_THE_MERCHANT', 'GOVERNOR_PROMOTION_TILE_MANAGER');

INSERT INTO GovernorPromotions
	(GovernorPromotionType, Name, Description, Level, Column, BaseAbility)
VALUES
	('GOVERNOR_PROMOTION_TILE_MANAGER', 'GOVERNOR_PROMOTION_TILE_MANAGER_NAME', 'GOVERNOR_PROMOTION_TILE_MANAGER_DESCRIPTION', 3, 2, 0);

INSERT INTO GovernorPromotionModifiers
	(GovernorPromotionType, ModifierId)
VALUES
	('GOVERNOR_PROMOTION_TILE_MANAGER', 'GOVERNOR_PROMOTION_TILE_MANAGER_POSITIVE_MODIFIER_PRODUCTION'),
	('GOVERNOR_PROMOTION_TILE_MANAGER', 'GOVERNOR_PROMOTION_TILE_MANAGER_POSITIVE_MODIFIER_GOLD'),
	('GOVERNOR_PROMOTION_TILE_MANAGER', 'GOVERNOR_PROMOTION_TILE_MANAGER_NEGATIVE_MODIFIER_PRODUCTION'),
	('GOVERNOR_PROMOTION_TILE_MANAGER', 'GOVERNOR_PROMOTION_TILE_MANAGER_NEGATIVE_MODIFIER_GOLD');

INSERT INTO GovernorPromotionPrereqs
	(GovernorPromotionType, PrereqGovernorPromotion)
VALUES
	( 'GOVERNOR_PROMOTION_TILE_MANAGER', 'GOVERNOR_PROMOTION_MERCHANT_TAX_COLLECTOR' );

-- Faster 50% tiles.
UPDATE ModifierArguments SET Value='50' 
WHERE ModifierId IN ('LAND_ACQUISITION_FASTER_PLOT_ANNEXING') AND Name='Amount';
